station,Setup_date,Retrieval_date.Function.Date,trailtype,Angle,Kettles_or_Okanogan,year,Duration,JulianDate_Deployment,ghm,d2hs,elevation,slope,aspect,canopy,evi,precipitation,temperature,period
Cell100Camera1,6/5/2016,9/25/2016,A. Major,Good,Okanogan,2016,113,157,0.013404935,3968.236816,1496.022644,16.08994922,204.6559429,0,4.726998904,610.8196258,10.05832862,2011-2015
Cell100Camera2,6/5/2016,9/25/2016,C. Closed,Good,Okanogan,2016,113,157,0.007896789,5179.405762,1289.749626,24.92622604,123.1378801,11,5.982322637,631.7196816,10.19139967,2011-2015
Cell100Camera3,6/5/2016,9/25/2016,A. Major,Good,Okanogan,2016,113,157,0.009106218,3850.876709,1452.240472,24.00146763,182.4031382,6,4.983690836,631.7196816,9.520633298,2011-2015
Cell101Camera1,7/12/2017,9/24/2017,B. Minor,Good,Okanogan,2017,75,193,0.034548749,1667.591064,665.7467631,8.016494236,138.8935929,25,6.643270394,985.5105667,14.01834814,2012-2016
Cell101Camera2,7/12/2017,9/24/2017,B. Minor,Good,Okanogan,2017,75,193,0.159052638,2566.871826,1132.308809,18.03935717,124.3691755,8,9.799474217,871.5863936,10.26973461,2012-2016
Cell101Camera3,7/12/2017,8/17/2017,B. Minor,Good,Okanogan,2017,37,193,0.231554899,1363.888672,1246.57311,23.4219079,140.8567118,24,8.507115355,1040.373568,10.662675,2012-2016
Cell101Camera4,7/13/2017,9/24/2017,D. Hiking,Good,Okanogan,2017,74,194,0.151010101,2543.557861,1406.884495,17.79091556,142.0194374,7,5.321619831,1040.373568,9.615865723,2012-2016
Cell104Camera1,7/10/2017,9/23/2017,C. Closed,Good,Okanogan,2017,76,191,0.037769659,1377.348389,1069.958594,18.86662307,121.7247197,26,6.027463101,1892.470074,11.08501264,2012-2016
Cell104Camera2,7/11/2017,9/23/2017,B. Minor,Good,Okanogan,2017,75,192,0.015651435,4304.721191,1149.731969,22.1820262,226.1613633,33,5.702495352,1692.191838,9.951016258,2012-2016
Cell104Camera3,7/11/2017,9/23/2017,D. Hiking,Good,Okanogan,2017,75,192,0.075924281,3200.705322,1187.403451,19.63455748,151.4281013,33,5.703744641,1845.623066,10.29412193,2012-2016
Cell104Camera4,7/11/2017,9/23/2017,D. Hiking,Good,Okanogan,2017,75,192,0.159490767,2572.106689,1403.139227,22.96111178,222.0829516,30,3.841362968,1845.623066,10.0203956,2012-2016
Cell106Camera3,7/10/2017,9/23/2017,D. Hiking,Good,Okanogan,2017,76,191,0.019349592,3770.780762,1483.938975,24.40587389,265.6889172,24,4.447631662,2150.358269,9.557314316,2012-2016
Cell106Camera4,7/11/2017,9/23/2017,C. Closed,Good,Okanogan,2017,75,192,0.018486667,5676.375488,1243.482697,20.60319835,135.0681343,17,5.124873029,1682.812866,9.906154599,2012-2016
Cell10Camera1K,8/9/2017,10/21/2017,A. Major,Good,Kettles ,2017,74,221,0.033743249,6160.355469,1077.162072,10.54580789,185.6172754,26,5.729171066,613.0986449,11.86289327,2012-2016
Cell10Camera2K,8/9/2017,10/21/2017,B. Minor,Half Bad,Kettles ,2017,74,221,0.031965584,7118.156738,1006.958154,11.66808967,192.9783656,21,6.41231696,571.6727837,12.61357685,2012-2016
Cell10Camera3K,8/9/2017,10/21/2017,B. Minor,Good,Kettles ,2017,74,221,0.024184942,8300.263672,1151.137778,6.996575668,226.2202085,19,6.72533255,613.0986449,11.57536083,2012-2016
Cell10Camera4K,8/9/2017,10/21/2017,C. Closed,Good,Kettles ,2017,74,221,0.039049624,5547.950195,1007.410966,15.81113445,220.350841,21,6.040066824,571.6727837,12.32142059,2012-2016
Cell113Camera1,7/11/2017,9/24/2017,A. Major,Good,Okanogan,2017,76,192,0.011471059,11580.04688,791.571498,20.97761611,98.26432094,34,5.957033352,1644.373011,12.7600712,2012-2016
Cell113Camera2,7/11/2017,9/24/2017,B. Minor,Good,Okanogan,2017,76,192,0.020068741,9188.629883,817.9884815,19.95525496,218.3132258,17,10.92531662,1644.373011,11.96873431,2012-2016
Cell113Camera3,7/11/2017,9/24/2017,B. Minor,Good,Okanogan,2017,76,192,0.018993761,10465.80762,921.4772175,16.58326808,170.6164123,20,9.78901424,1644.373011,12.77835526,2012-2016
Cell113Camera4,7/11/2017,9/24/2017,C. Closed,Good,Okanogan,2017,76,192,0.01705426,10842.15137,1303.174859,21.92740816,195.9900483,22,6.853158104,1644.373011,11.88573145,2012-2016
Cell114Camera1,7/12/2017,9/23/2017,C. Closed,Good,Okanogan,2017,74,193,0.02890593,6773.017578,1165.827836,22.40162834,182.783868,24,8.290611425,1682.812866,9.985372422,2012-2016
Cell114Camera2,7/12/2017,9/23/2017,B. Minor,Good,Okanogan,2017,74,193,0.017810964,5740.61084,956.5773113,22.87192536,158.3495704,17,8.625873862,1692.191838,10.39538958,2012-2016
Cell114Camera3,7/12/2017,9/24/2017,A. Major,Good,Okanogan,2017,75,193,0.017568961,6435.147461,900.5638556,18.2545499,288.0463333,26,7.30316798,1692.191838,10.84399669,2012-2016
Cell114Camera4,7/12/2017,9/24/2017,A. Major,Good,Okanogan,2017,75,193,0.011882851,9485.509766,721.1431863,13.12266224,142.0446337,15,7.303542952,1700.276853,12.96387445,2012-2016
Cell116Camera1,7/12/2017,9/24/2017,B. Minor,Good,Okanogan,2017,75,193,0.016330745,4004.286865,1060.896517,15.21876191,210.8727052,19,9.895099705,1261.925063,11.33451212,2012-2016
Cell116Camera2,7/12/2017,9/24/2017,C. Closed,Good,Okanogan,2017,75,193,0.040152464,2047.198608,871.987813,18.47201452,242.8982539,26,8.894492954,1091.317097,12.31684149,2012-2016
Cell116Camera3,7/12/2017,9/24/2017,C. Closed,Good,Okanogan,2017,75,193,0.018840546,1448.187134,625.490973,9.920707891,92.54998123,22,8.965665446,1261.925063,13.24555291,2012-2016
Cell116Camera4,7/12/2017,9/24/2017,A. Major,Good,Okanogan,2017,75,193,0.018770006,1306.471069,612.7206629,7.844689121,145.7612432,26,7.873071509,1261.925063,13.91500406,2012-2016
Cell119Camera2,7/13/2017,9/25/2017,D. Hiking,Good,Okanogan,2017,75,194,0.012060011,16757.63477,1513.367539,19.51282537,196.8741071,23,5.313410077,1180.585596,8.812410808,2012-2016
Cell119Camera4,7/14/2017,9/25/2017,D. Hiking,Good,Okanogan,2017,74,195,0.00776548,21197.8418,1042.872998,22.56704252,87.15100665,15,3.513236244,1089.416867,12.01394942,2012-2016
Cell11Camera1K,8/27/2016,10/9/2016,B. Minor,Good,Kettles ,2016,44,240,0.028917091,5620.62793,1399.202183,17.77605419,236.5024136,19,7.652178699,689.1747612,10.6249586,2011-2015
Cell11Camera2K,8/27/2016,10/9/2016,D. Hiking,Good,Kettles ,2016,44,240,0.01744477,7134.190918,1524.532424,15.82854272,212.1731928,21,7.606940152,689.1747612,9.92969863,2011-2015
Cell11Camera3K,8/28/2016,10/9/2016,A. Major,Good,Kettles ,2016,43,241,0.031971198,6076.335938,1380.364083,19.30236057,144.8839911,23,4.202756462,689.1747612,9.831083396,2011-2015
Cell11Camera4K,8/28/2016,10/9/2016,B. Minor,Good,Kettles ,2016,43,241,0.055089148,4374.685547,1333.335887,15.9951635,239.7589346,12,5.330750802,689.1747612,10.81255216,2011-2015
Cell120Camera2,7/13/2017,9/24/2017,B. Minor,Good,Okanogan,2017,74,194,0.013339877,9564.410156,792.5886457,16.34189276,208.8351704,25,6.936201683,1055.237292,12.81070495,2012-2016
Cell120Camera3,7/13/2017,9/25/2017,D. Hiking,Good,Okanogan,2017,75,194,0.01641874,9852.28418,844.3526446,19.89759198,267.2025514,30,6.768665931,1055.237292,12.09996041,2012-2016
Cell120Camera4,7/13/2017,9/24/2017,A. Major,Good,Okanogan,2017,74,194,0.015499382,9697.179688,822.4326483,20.82826451,227.7760306,24,6.860616989,1127.048205,12.54965076,2012-2016
Cell121Camera1,7/21/2016,9/25/2016,D. Hiking,Good,Okanogan,2016,67,203,0.009583671,10933.12891,1689.330486,10.65817585,158.0463939,20,3.986790582,943.1020532,7.703852777,2011-2015
Cell121Camera2,7/21/2016,9/25/2016,D. Hiking,Good,Okanogan,2016,67,203,0.011097827,12880.26172,1816.18346,7.860153221,222.1878568,20,3.527751978,943.1020532,6.735684932,2011-2015
Cell121Camera3,7/21/2016,9/25/2016,D. Hiking,Good,Okanogan,2016,67,203,0.012333958,14350.30371,1809.137333,5.555900976,204.6762038,16,3.463617099,1109.726536,7.273202469,2011-2015
Cell123Camera1,7/16/2016,10/2/2016,D. Hiking,Good,Okanogan,2016,79,198,0.017476336,9912.814453,1379.100366,10.70417293,131.7783213,20,7.916766185,877.2582368,11.09491299,2011-2015
Cell123Camera2,7/16/2016,10/2/2016,A. Major,Good,Okanogan,2016,79,198,0.010104604,11471.59766,1265.27431,25.7754033,133.8936676,19,4.375423338,936.894944,10.46181785,2011-2015
Cell123Camera3,7/16/2016,10/2/2016,D. Hiking,Good,Okanogan,2016,79,198,0.00892548,8752.998047,1072.303125,18.72047048,54.31783851,34,5.344347013,877.2582368,11.11120563,2011-2015
Cell124Camera1,7/14/2016,9/30/2016,A. Major,Good,Okanogan,2016,79,196,0.016916869,12879.96191,1851.116457,18.53327062,255.4923091,19,5.133563662,869.370628,8.077253048,2011-2015
Cell124Camera2,7/15/2016,10/1/2016,D. Hiking,Good,Okanogan,2016,79,197,0.011849208,15552.08008,1959.611971,26.7528549,143.480844,6,3.575075708,892.0715156,6.844798434,2011-2015
Cell124Camera3,7/15/2016,10/1/2016,D. Hiking,Good,Okanogan,2016,79,197,0.009638702,17732.45898,1980.170749,21.67017978,250.068759,18,3.279712479,892.0715156,7.409844799,2011-2015
Cell124Camera4,7/15/2016,10/1/2016,D. Hiking,Good,Okanogan,2016,79,197,0.009958347,18624.84961,1948.134483,12.90648126,248.1164523,22,3.365571835,892.0715156,7.264058558,2011-2015
Cell124Camera5,7/15/2016,9/30/2016,A. Major,Good,Okanogan,2016,78,197,0.013302058,14853.91016,1992.53455,23.09671385,203.4105693,9,2.910155585,960.0083244,7.181989162,2011-2015
Cell125Camera1,7/14/2016,10/1/2016,D. Hiking,Good,Okanogan,2016,80,196,0.009827447,9319.53125,1489.292374,8.897695556,174.6071961,14,3.755635874,839.142523,9.155149782,2011-2015
Cell125Camera2,7/15/2016,8/23/2016,A. Major,Good,Okanogan,2016,40,197,0.02038113,11445.77441,1774.180956,16.3693922,242.2787906,6,3.61966472,843.3897704,8.585768478,2011-2015
Cell125Camera3,7/16/2016,9/30/2016,B. Minor,Good,Okanogan,2016,77,198,0.021742685,11386.39258,1395.575161,27.33560251,260.8880335,18,6.076617321,843.3897704,9.889107482,2011-2015
Cell125Camera4,7/16/2016,10/2/2016,C. Closed,Good,Okanogan,2016,79,198,0.021716517,10060.35547,1414.571903,16.1045103,171.4254823,16,7.295292512,843.3897704,10.74993497,2011-2015
Cell125Camera5,7/16/2016,10/2/2016,C. Closed,Good,Okanogan,2016,79,198,0.01978133,9326.822266,1221.483165,21.65654574,163.4959668,16,8.809379103,843.3897704,11.50932049,2011-2015
Cell126Camera1,7/14/2016,9/30/2016,A. Major,Good,Okanogan,2016,79,196,0.01529165,9862.078125,1966.504831,21.01723792,244.2065176,14,2.348439719,839.142523,8.125276231,2011-2015
Cell126Camera2,7/14/2016,10/1/2016,D. Hiking,Bad,Okanogan,2016,80,196,0.011927702,10355.63379,1837.380883,18.62887386,215.7874123,22,3.026760252,839.142523,8.562744092,2011-2015
Cell126Camera3,7/14/2016,9/30/2016,A. Major,Good,Okanogan,2016,79,196,0.013678661,10920.56934,1740.0908,23.53086341,218.7117133,7,3.747579342,839.142523,8.558307993,2011-2015
Cell127Camera1,7/14/2016,9/30/2016,D. Hiking,Good,Okanogan,2016,79,196,0.010195527,9832.387695,2017.588753,11.83184775,252.6871428,17,3.309202213,839.142523,7.501146621,2011-2015
Cell127Camera2,7/14/2016,9/30/2016,D. Hiking,Good,Okanogan,2016,79,196,0.009935719,8442.833984,2008.58491,21.45010325,196.9730156,0,2.900308736,839.142523,6.926899142,2011-2015
Cell127Camera3,7/14/2016,10/1/2016,D. Hiking,Good,Okanogan,2016,80,196,0.009886549,9102.219727,1527.205715,14.62914089,186.8236171,12,3.984529278,839.142523,7.698091525,2011-2015
Cell129Camera1,6/5/2016,9/9/2016,A. Major,Good,Okanogan,2016,97,157,0.066477232,8057.339355,1558.116892,14.2358908,116.5183667,15,7.537574286,613.814805,9.219382658,2011-2015
Cell129Camera2,6/5/2016,9/9/2016,C. Closed,Good,Okanogan,2016,97,157,0.020318642,8392.865234,1485.869941,18.02096765,266.0565693,23,6.097936872,547.6935908,9.721936324,2011-2015
Cell129Camera3,6/7/2016,9/10/2016,B. Minor,Good,Okanogan,2016,96,159,0.050393377,6285.893555,1120.130776,15.13935614,108.0268638,15,7.014709546,613.814805,11.42651739,2011-2015
Cell12Camera1K,7/28/2016,10/7/2016,B. Minor,Good,Kettles ,2016,72,210,0.064970635,2510.704346,1420.112662,13.45771843,256.6935892,17,6.489655787,776.60188,10.43383697,2011-2015
Cell12Camera2K,7/28/2016,10/7/2016,B. Minor,Good,Kettles ,2016,72,210,0.062048356,2333.82959,1471.300441,8.174023036,150.5923176,13,6.262156135,690.3327832,9.802175222,2011-2015
Cell12Camera3K,7/28/2016,10/7/2016,A. Major,Good,Kettles ,2016,72,210,0.041694954,2698.178711,1452.565878,11.04619182,110.3841987,14,6.123599391,690.3327832,9.687551709,2011-2015
Cell12Camera4K,7/28/2016,10/7/2016,D. Hiking,Good,Kettles ,2016,72,210,0.01885556,3553.868652,1316.992565,10.4985249,112.3410259,17,5.92072651,690.3327832,10.6647045,2011-2015
Cell130Camera1,6/20/2017,10/12/2017,C. Closed,Good,Okanogan,2017,115,171,0.020300647,6721.200684,1262.733928,15.41610144,241.3577829,25,8.570049951,547.9880566,11.14609574,2012-2016
Cell130Camera2,6/20/2017,8/6/2017,A. Major,Good,Okanogan,2017,48,171,0.010300789,5394.119141,1088.733547,28.00695171,246.968527,17,5.991723389,605.1131441,11.76984043,2012-2016
Cell130Camera3,6/20/2017,10/12/2017,B. Minor,Half Bad,Okanogan,2017,115,171,0.011215371,3982.509277,974.3791006,25.62830087,244.1959351,11,4.070035171,606.0418232,13.79030513,2012-2016
Cell130Camera4,6/20/2017,8/20/2017,C. Closed,Good,Okanogan,2017,62,171,0.011239826,5844.291504,1162.759255,25.06848176,209.0086645,9,5.716182535,605.1131441,11.68893106,2012-2016
Cell131Camera1,6/21/2017,10/13/2017,C. Closed,Good,Okanogan,2017,115,172,0.055680165,5148.490723,1524.953892,10.14095191,120.0615453,15,8.148723224,425.6342137,9.317643685,2012-2016
Cell131Camera2,6/21/2017,10/12/2017,A. Major,Good,Okanogan,2017,114,172,0.050061903,7763.779785,1644.027094,23.75930812,115.5789666,14,5.907915597,425.6342137,9.735182598,2012-2016
Cell131Camera3,6/21/2017,7/19/2017,A. Major,Good,Okanogan,2017,29,172,0.057216458,3898.396729,1581.704269,21.93682695,66.42849602,0,5.824917091,344.682248,9.801055246,2012-2016
Cell131Camera4,6/21/2017,10/13/2017,A. Major,Good,Okanogan,2017,115,172,0.052556847,4562.807129,1237.396257,21.38925564,148.4077266,0,4.777413235,388.6143808,12.21169291,2012-2016
Cell133Camera1,6/6/2016,9/9/2016,A. Major,Half Bad,Okanogan,2016,96,158,0.041878339,10069.69727,1715.426196,14.40891279,261.3693956,15,4.164516106,547.6935908,8.456858648,2011-2015
Cell133Camera2,6/6/2016,9/9/2016,C. Closed,Good,Okanogan,2016,96,158,0.014697411,9337.912109,1782.920734,12.66044169,203.7409885,14,3.900336109,501.8490075,8.778447238,2011-2015
Cell133Camera3,6/6/2016,9/9/2016,B. Minor,Good,Okanogan,2016,96,158,0.03805849,10331.08496,1707.908666,22.775517,193.0047136,10,5.924745021,501.8490075,8.538164986,2011-2015
Cell134Camera1,7/26/2017,10/13/2017,B. Minor,Good,Okanogan,2017,80,207,0.061471844,4131.745605,992.6945023,13.13676757,100.5780972,6,5.974858454,532.7972888,12.45228963,2012-2016
Cell134Camera2,7/26/2017,8/16/2017,C. Closed,Good,Okanogan,2017,22,207,0.053926476,6204.04541,1094.821861,8.228006316,133.1679401,10,6.999103231,420.7067858,11.92859175,2012-2016
Cell134Camera3,7/26/2017,10/13/2017,A. Major,Good,Okanogan,2017,80,207,0.057410047,4595.523926,1172.025213,7.819046616,143.921056,8,6.783393073,420.7067858,12.19119374,2012-2016
Cell134Camera4,7/26/2017,10/13/2017,B. Minor,Good,Okanogan,2017,80,207,0.060466179,8292.083984,1203.218513,11.24902439,178.0160249,19,6.254526597,426.3817614,11.51530242,2012-2016
Cell136Camera1,7/3/2017,9/3/2017,D. Hiking,Good,Okanogan,2017,63,184,0.046067471,11339.76953,1527.206429,17.0182625,127.2338758,15,4.75721933,934.2076287,9.296319434,2012-2016
Cell136Camera2,7/3/2017,9/3/2017,D. Hiking,Good,Okanogan,2017,63,184,0.046367373,12410.99316,1638.894442,16.3219708,139.7040107,17,4.85795493,975.8372573,7.677454614,2012-2016
Cell136Camera3,7/3/2017,9/3/2017,D. Hiking,Good,Okanogan,2017,63,184,0.044595511,13476.0332,1761.955877,15.72442183,111.5691574,12,4.575764255,975.8372573,6.926924883,2012-2016
Cell136Camera4,7/3/2017,9/3/2017,D. Hiking,Good,Okanogan,2017,63,184,0.043796755,13033.72559,1943.202329,20.46610286,145.5365701,0,4.217884162,975.8372573,7.370390938,2012-2016
Cell137Camera1,6/7/2016,9/10/2016,B. Minor,Good,Okanogan,2016,96,159,0.054861408,2828.473145,1140.08144,19.50722626,245.5418152,17,6.670818141,698.4397928,12.66226148,2011-2015
Cell137Camera2,6/7/2016,9/10/2016,B. Minor,Good,Okanogan,2016,96,159,0.060197331,5813.806152,1016.468607,9.964124981,157.1887932,11,6.22518412,698.4397928,11.5135344,2011-2015
Cell137Camera3,6/8/2016,9/10/2016,C. Closed,Good,Okanogan,2016,95,160,0.061721513,4304.657227,1029.368954,16.96171693,133.129535,18,6.711864156,698.4397928,12.66649616,2011-2015
Cell138Camera1,6/6/2016,9/9/2016,B. Minor,Good,Okanogan,2016,96,158,0.019604471,11603.44824,1660.259477,19.68504982,241.2810112,19,5.41071233,722.83234,8.672317327,2011-2015
Cell138Camera2,6/6/2016,9/9/2016,B. Minor,Good,Okanogan,2016,96,158,0.020214223,10972.62695,1946.095038,18.15716759,175.1336069,14,5.086090504,540.8736405,7.560939034,2011-2015
Cell138Camera3,7/10/2016,9/9/2016,D. Hiking,Good,Okanogan,2016,62,192,0.023902254,12729.33789,2005.594233,15.50831872,108.8408076,22,5.178011788,705.1529915,7.632356164,2011-2015
Cell138Camera4,7/10/2016,9/9/2016,B. Minor,Good,Okanogan,2016,62,192,0.025022401,12316.84375,1985.253845,17.55306388,252.0126353,19,4.6816669,722.83234,7.676078428,2011-2015
Cell138Camera5,7/10/2016,9/9/2016,B. Minor,Good,Okanogan,2016,62,192,0.020432899,10149.66406,1750.178701,23.07140151,50.32008393,14,4.863478323,540.8736405,7.560939034,2011-2015
Cell139Camera1,6/10/2016,9/2/2016,A. Major,Good,Okanogan,2016,85,162,0.050815121,7822.501465,1317.016294,22.76125051,162.8611156,15,7.779529044,881.403121,9.650045311,2011-2015
Cell139Camera2,6/10/2016,9/10/2016,C. Closed,Good,Okanogan,2016,93,162,0.053856887,8288.192383,1499.41359,19.38125888,105.552795,16,6.482079079,881.403121,9.650045311,2011-2015
Cell139Camera3,6/10/2016,9/10/2016,D. Hiking,Good,Okanogan,2016,93,162,0.039176203,9602.905273,1538.526339,28.28333374,137.9550593,15,7.722466583,881.403121,9.052889207,2011-2015
Cell139Camera4,6/10/2016,9/10/2016,D. Hiking,Good,Okanogan,2016,93,162,0.039462548,9062.082031,1184.445771,20.19780327,151.625018,13,4.81593062,906.8292238,9.485134578,2011-2015
Cell139Camera5,6/10/2016,9/10/2016,A. Major,Good,Okanogan,2016,93,162,0.038100606,8144.924805,1072.026154,20.52667253,154.6844306,22,6.101790929,906.8292238,11.06707783,2011-2015
Cell13Camera1K,5/27/2016,7/26/2016,B. Minor,Half Bad,Kettles ,2016,61,148,0.050474003,6094.755371,855.6931979,9.952078427,257.664465,25,5.657602737,570.0338646,13.03079106,2011-2015
Cell13Camera2K,5/28/2016,7/27/2016,A. Major,Good,Kettles ,2016,61,149,0.052543126,4459.738281,797.5107739,14.44738962,187.7447258,23,7.215519835,582.5713618,12.87145326,2011-2015
Cell13Camera3K,5/28/2016,7/27/2016,D. Hiking,Good,Kettles ,2016,61,149,0.059259458,3025.807373,1037.972108,16.43753649,137.5843107,14,7.579579382,582.5713618,11.76352732,2011-2015
Cell13Camera4K,5/28/2016,7/27/2016,D. Hiking,Half Bad,Kettles ,2016,61,149,0.065478756,1847.37915,930.3669633,8.811294226,163.2557046,14,7.023500386,582.5713618,13.2398299,2011-2015
Cell143Camera1,7/14/2017,9/25/2017,A. Major,Good,Okanogan,2017,74,195,0.010716866,19740.13477,978.6603138,16.11974144,195.9014566,21,7.33652478,1089.416867,11.58585714,2012-2016
Cell143Camera2,7/14/2017,9/25/2017,B. Minor,Good,Okanogan,2017,74,195,0.00834862,17806.07422,1479.146591,18.62796055,196.3212806,11,4.669062743,993.3366795,10.0840983,2012-2016
Cell143Camera3,7/15/2017,9/26/2017,D. Hiking,Good,Okanogan,2017,74,196,0.008013915,18590.47852,1598.363887,19.05422216,162.8947086,9,3.348398305,993.3366795,9.715959807,2012-2016
Cell143Camera4,7/15/2017,9/26/2017,D. Hiking,Good,Okanogan,2017,74,196,0.011919326,17602.10938,1215.052422,14.65657516,212.3330809,14,4.375185245,993.3366795,10.35392443,2012-2016
Cell145Camera1,7/15/2016,8/13/2016,D. Hiking,Good,Okanogan,2016,30,197,0.010595255,19814,2128.256607,20.29131477,216.8608343,0,2.54587993,953.4578776,6.178778865,2011-2015
Cell145Camera2,7/15/2016,10/1/2016,D. Hiking,Good,Okanogan,2016,79,197,0.010939209,20682.76953,2009.274133,22.14662636,182.7771931,9,2.550406751,953.4578776,7.108389734,2011-2015
Cell145Camera3,7/15/2016,10/1/2016,D. Hiking,Good,Okanogan,2016,79,197,0.01093265,21000.42578,2044.331438,23.84581031,188.326337,0,3.62530563,1009.14659,6.778883336,2011-2015
Cell148Camera1,6/3/2016,8/20/2016,A. Major,Good,Okanogan,2016,79,155,0.016402872,14761.38086,878.4422938,11.33768652,196.314377,26,6.297201761,1277.071325,11.6546336,2011-2015
Cell148Camera2,6/3/2016,8/20/2016,C. Closed,Good,Okanogan,2016,79,155,0.012913565,12840.125,1125.435329,28.40754658,245.632752,35,5.531190237,1156.85399,9.156901701,2011-2015
Cell148Camera3,6/3/2016,8/20/2016,A. Major,Good,Okanogan,2016,79,155,0.022729034,14379.92871,1039.451728,18.73126274,276.7001878,22,5.742720658,1156.85399,11.22379166,2011-2015
Cell14Camera1K,8/7/2017,10/6/2017,B. Minor,Good,Kettles ,2017,61,219,0.059677015,4429.484375,1005.087828,11.04420886,60.53628988,8,6.717687006,659.3392412,11.73119886,2012-2016
Cell14Camera2K,8/7/2017,10/6/2017,B. Minor,Good,Kettles ,2017,61,219,0.060492524,5051.675293,1078.659544,9.678777446,193.8796172,16,7.834632344,659.3392412,12.11721873,2012-2016
Cell14Camera3K,8/7/2017,10/6/2017,B. Minor,Good,Kettles ,2017,61,219,0.076169984,7165.578125,1001.404366,7.163573031,202.3163908,26,7.639498828,684.889761,12.35227457,2012-2016
Cell14Camera4K,8/7/2017,10/7/2017,C. Closed,Good,Kettles ,2017,62,219,0.063327506,6178.311035,906.2652816,11.24843085,130.6509277,21,7.656955879,684.889761,12.78017808,2012-2016
Cell150Camera1,7/13/2017,9/24/2017,A. Major,Good,Okanogan,2017,74,194,0.017112589,10703.56836,815.9378064,14.71605724,238.4067691,22,6.431202995,1134.779296,12.54965076,2012-2016
Cell150Camera4,7/13/2017,9/12/2017,B. Minor,Good,Okanogan,2017,62,194,0.01449596,15617.98926,871.0627285,18.75458068,209.7753626,27,6.030398784,1172.145063,11.39035857,2012-2016
Cell15Camera2K,6/11/2017,7/13/2017,A. Major,Bad,Kettles ,2017,33,162,0.016343255,7200.629395,954.2758098,15.07044785,137.1811333,24,5.734219282,766.9597182,12.51178188,2012-2016
Cell15Camera3K,6/11/2017,8/10/2017,B. Minor,Good,Kettles ,2017,61,162,0.024901336,6849.987793,1076.484655,18.50665134,198.3700821,12,7.172126901,766.9597182,11.57369351,2012-2016
Cell15Camera4K,6/12/2017,8/10/2017,B. Minor,Good,Kettles ,2017,60,163,0.024068338,7993.319336,1136.476,13.0920837,185.5574083,16,7.314126259,811.3253779,11.50165392,2012-2016
Cell167Camera1,7/8/2016,9/24/2016,D. Hiking,Good,Okanogan,2016,79,190,0.004732728,1962.527588,1986.326573,18.68930618,276.0624158,8,3.886210635,820.649865,6.239362487,2011-2015
Cell167Camera2,7/8/2016,9/24/2016,D. Hiking,Good,Okanogan,2016,79,190,0.003782513,2577.619385,1869.317657,15.95798462,168.950837,16,3.967499499,820.649865,6.769997742,2011-2015
Cell167Camera3,7/8/2016,9/24/2016,D. Hiking,Good,Okanogan,2016,79,190,0.003854031,2331.956543,1902.165369,16.14717723,180.3374484,21,3.870141605,820.649865,6.769997742,2011-2015
Cell167Camera4,7/8/2016,9/24/2016,D. Hiking,Good,Okanogan,2016,79,190,0.002685892,2179.404785,2088.812672,18.54528598,262.4948226,20,2.827077598,820.649865,5.371089869,2011-2015
Cell16Camera2K,6/12/2017,8/10/2017,D. Hiking,Good,Kettles ,2017,60,163,0.027968856,10097.34375,1710.400487,13.87344974,240.1805209,12,4.798504786,772.0482582,8.767803553,2012-2016
Cell16Camera3K,6/12/2017,8/10/2017,D. Hiking,Good,Kettles ,2017,60,163,0.024004262,9085.976563,1537.140851,10.79740016,259.7970486,12,4.877130635,772.0482582,9.560355111,2012-2016
Cell16Camera4K,6/12/2017,8/10/2017,D. Hiking,Good,Kettles ,2017,60,163,0.038644732,10295.64453,1697.973379,17.37378257,193.5087619,12,3.922572097,772.0482582,8.764052386,2012-2016
Cell170Camera1,6/10/2016,9/11/2016,A. Major,Good,Okanogan,2016,94,162,0.063635061,6308.762207,1249.286389,27.29242502,117.3146975,11,5.22557961,739.1838495,10.53101325,2011-2015
Cell170Camera2,6/10/2016,9/11/2016,D. Hiking,Good,Okanogan,2016,94,162,0.082837975,4630.641602,1523.708742,25.06120047,217.1256185,20,3.499597801,516.6815418,10.78616047,2011-2015
Cell170Camera3,6/10/2016,9/11/2016,D. Hiking,Good,Okanogan,2016,94,162,0.083555674,4481.666016,1535.306282,26.36834781,190.5302865,18,3.278895017,516.6815418,10.28392263,2011-2015
Cell170Camera4,6/10/2016,9/11/2016,C. Closed,Good,Okanogan,2016,94,162,0.086211358,4448.847168,1237.352121,24.63229816,51.15037759,15,5.26641532,516.6815418,10.83874229,2011-2015
Cell170Camera5,6/10/2016,9/10/2016,B. Minor,Good,Okanogan,2016,93,162,0.097951271,4694.004395,989.4122889,16.33944621,176.6160766,19,6.586629547,682.6405349,12.00427548,2011-2015
Cell171Camera1,7/6/2016,9/25/2016,D. Hiking,Good,Okanogan,2016,82,188,0.028481572,8313.041992,1541.687485,23.08329292,161.9058554,17,4.881491679,963.5863497,8.473183953,2011-2015
Cell171Camera2,7/7/2016,9/25/2016,D. Hiking,Good,Okanogan,2016,81,189,0.038762186,5923.92334,1308.937516,22.97272163,202.6764843,18,4.628709254,909.6582629,9.747533042,2011-2015
Cell171Camera3,7/7/2016,9/25/2016,D. Hiking,Bad,Okanogan,2016,81,189,0,5930.598633,1737.983497,22.72124854,116.2601855,19,5.51363655,1023.403489,7.878795424,2011-2015
Cell173Camera1,7/13/2017,9/20/2017,D. Hiking,Good,Okanogan,2017,70,194,0.039913415,11157.28027,1653.231719,23.77434293,142.0035601,20,5.207361114,911.6886644,7.05923649,2012-2016
Cell173Camera2,7/13/2017,9/20/2017,D. Hiking,Good,Okanogan,2017,70,194,0.040060261,10368.94531,1837.251665,25.31236081,130.6435399,15,6.24611561,911.6886644,6.988568418,2012-2016
Cell173Camera3,7/13/2017,9/20/2017,D. Hiking,Good,Okanogan,2017,70,194,0.041005595,11696.69531,1983.250017,27.38901892,160.6935347,0,5.078002402,996.0324103,6.527717296,2012-2016
Cell174Camera1,6/20/2017,8/19/2017,B. Minor,Good,Okanogan,2017,61,171,0.053139063,6205.699707,1267.51184,13.72198815,186.458897,13,5.920137298,753.8214813,10.7813953,2012-2016
Cell174Camera2,6/20/2017,8/19/2017,C. Closed,Good,Okanogan,2017,61,171,0.050483094,6523.446777,1236.676314,11.86363225,166.8144817,13,5.25751911,753.8214813,10.71717402,2012-2016
Cell174Camera4,6/20/2017,8/19/2017,B. Minor,Good,Okanogan,2017,61,171,0.042772839,7511.648926,1286.558032,17.77707573,268.5004908,21,5.006777119,809.1146901,10.39919976,2012-2016
Cell17Camera1,7/21/2016,9/25/2016,D. Hiking,Good,Okanogan,2016,67,203,0.010535534,7326.181641,1906.33457,23.03867926,199.745081,10,3.113841206,708.1315661,7.394167996,2011-2015
Cell17Camera1K,6/11/2017,8/11/2017,A. Major,Good,Kettles ,2017,62,162,0.039662966,2946.042725,840.1077974,18.37046052,194.360799,20,5.130409602,554.6997511,12.96872211,2012-2016
Cell17Camera2,7/21/2016,9/25/2016,D. Hiking,Good,Okanogan,2016,67,203,0.010964862,6512.019043,2021.175986,18.02305045,235.4184517,5,3.165134951,708.1315661,7.547557278,2011-2015
Cell17Camera4K,6/11/2017,7/5/2017,A. Major,Good,Kettles ,2017,25,162,0.039176278,6788.753418,1102.036346,19.34037908,164.4813207,16,4.749763391,554.6997511,11.67751212,2012-2016
Cell180Camera1,6/9/2016,9/11/2016,D. Hiking,Good,Okanogan,2016,95,161,0.035406107,5522.736816,1534.470674,20.21381619,154.1640372,14,3.751324372,677.3856153,9.737582869,2011-2015
Cell180Camera2,6/9/2016,9/11/2016,B. Minor,Good,Okanogan,2016,95,161,0.054757335,5563.692871,1153.491348,9.447917883,213.003747,25,6.18761749,677.3856153,11.1331966,2011-2015
Cell180Camera3,6/9/2016,9/11/2016,A. Major,Good,Okanogan,2016,95,161,0.050808271,8372.701172,1232.693712,5.63004942,111.8367319,6,5.396233611,706.8002746,10.82371444,2011-2015
Cell181Camera1,6/8/2016,9/11/2016,B. Minor,Good,Okanogan,2016,96,160,0.04720368,9901.661133,1672.930345,21.71924179,226.6845202,13,5.333193787,670.634088,9.216362788,2011-2015
Cell181Camera2,6/8/2016,9/11/2016,A. Major,Good,Okanogan,2016,96,160,0.052979041,8712.175781,1556.146753,19.04485804,259.7294948,12,3.966690382,584.753955,9.752716694,2011-2015
Cell181Camera3,6/8/2016,9/11/2016,A. Major,Good,Okanogan,2016,96,160,0.054169223,9599.536133,1610.239479,19.86178548,232.4445494,11,5.646390978,558.6012691,9.244439862,2011-2015
Cell182Camera1,6/8/2016,9/11/2016,B. Minor,Good,Okanogan,2016,96,160,0.057607408,5154.559082,1574.045963,18.09916477,267.1917376,19,5.058822096,558.6012691,9.796457625,2011-2015
Cell182Camera3,6/8/2016,9/11/2016,A. Major,Good,Okanogan,2016,96,160,0.047434203,7598.632813,1331.17807,13.71007966,213.0064118,18,5.524817069,558.6012691,10.71079151,2011-2015
Cell183Camera1,6/26/2017,9/2/2017,B. Minor,Good,Okanogan,2017,69,177,0.044375387,3771.880127,1249.487076,17.58289807,191.1780065,3,4.928251341,371.6043312,11.11740629,2012-2016
Cell183Camera2,6/26/2017,9/2/2017,B. Minor,Good,Okanogan,2017,69,177,0.044558116,4389.63916,1334.924234,22.65248677,275.5867347,14,4.998110757,371.6043312,11.51026509,2012-2016
Cell183Camera3,6/26/2017,9/2/2017,C. Closed,Good,Okanogan,2017,69,177,0.043177575,4731.161133,1359.670007,22.16413007,245.1352672,0,3.656656347,371.6043312,11.11740629,2012-2016
Cell183Camera4,6/26/2017,9/2/2017,B. Minor,Good,Okanogan,2017,69,177,0.052464595,5715.811523,1635.338109,23.69262667,268.7047184,15,5.309909507,371.6043312,10.79597351,2012-2016
Cell185Camera1,7/26/2017,10/16/2017,B. Minor,Good,Okanogan,2017,83,207,0.03971686,5655.72168,900.3554898,12.1123894,58.05702336,22,7.263128153,1051.190535,12.7266914,2012-2016
Cell185Camera2,7/26/2017,10/16/2017,D. Hiking,Good,Okanogan,2017,83,207,0.044357353,9291.103516,918.0544968,14.45744388,193.8958279,21,7.561266147,1163.683794,11.90634909,2012-2016
Cell185Camera3,7/26/2017,10/16/2017,B. Minor,Good,Okanogan,2017,83,207,0.05379315,5264.724121,808.4312866,13.04342092,199.1575902,27,7.308272017,1051.190535,13.18024959,2012-2016
Cell185Camera4,7/26/2017,10/16/2017,B. Minor,Good,Okanogan,2017,83,207,0.051340506,3717.643311,1234.680138,20.25978093,84.42324195,20,5.69130585,920.5470645,10.76865166,2012-2016
Cell186Camera1,7/5/2017,9/14/2017,D. Hiking,Good,Okanogan,2017,72,186,0.035769001,4423.970215,1600.690942,18.75085763,176.7148499,12,5.478558108,1102.048087,10.26736625,2012-2016
Cell186Camera2,7/5/2017,9/14/2017,C. Closed,Good,Okanogan,2017,72,186,0.037947553,3857.696045,1505.665111,23.72788939,145.8323272,16,6.07092263,941.4708279,9.72028451,2012-2016
Cell186Camera3,7/5/2017,9/14/2017,C. Closed,Good,Okanogan,2017,72,186,0.042487141,3100,1418.710201,21.22539022,125.6820376,17,6.957739624,941.4708279,11.14630288,2012-2016
Cell187Camera1,6/29/2017,10/10/2017,D. Hiking,Good,Okanogan,2017,104,180,0.04622729,7847.276855,1132.298243,18.1641593,119.4536276,23,4.84366613,701.8663195,11.54192127,2012-2016
Cell187Camera2,6/29/2017,10/10/2017,B. Minor,Half Bad,Okanogan,2017,104,180,0.047300514,5912.790039,1222.550951,16.33730453,98.37992523,18,4.858379861,701.8663195,11.93291374,2012-2016
Cell187Camera3,6/29/2017,10/9/2017,B. Minor,Good,Okanogan,2017,103,180,0.050674725,3865.17041,1386.761959,21.32651693,105.2373749,14,6.043108571,601.2961129,10.22835662,2012-2016
Cell18Camera1K,5/23/2016,7/2/2016,C. Closed,Good,Kettles ,2016,41,144,0.02655917,3182.07251,1003.016998,10.67266491,215.0708803,22,5.66581425,564.7805885,12.46381213,2011-2015
Cell18Camera2K,5/23/2016,8/10/2016,C. Closed,Bad,Kettles ,2016,80,144,0.033242192,2465.851563,894.9055397,8.99320335,261.3513202,24,6.115562617,564.7805885,12.9023384,2011-2015
Cell18Camera3K,5/23/2016,8/10/2016,B. Minor,Good,Kettles ,2016,80,144,0.024900727,3715.576904,1210.774306,14.56545615,283.6109552,21,5.729033476,628.4551784,10.83940599,2011-2015
Cell18Camera4K,5/23/2016,8/10/2016,A. Major,Good,Kettles ,2016,80,144,0.027379907,4407.837402,1207.284572,8.957253896,233.4155598,23,5.884271099,628.4551784,11.48513879,2011-2015
Cell190Camera1,6/7/2016,9/6/2016,A. Major,Good,Okanogan,2016,92,159,0.036276732,7466.03418,987.8011289,11.2091998,58.58012639,10,5.142653546,966.4931577,11.44519765,2011-2015
Cell190Camera3,6/8/2016,9/6/2016,D. Hiking,Good,Okanogan,2016,91,160,0.011592662,9569.577148,1141.606061,25.10875447,166.0916136,5,6.056417361,925.8257177,11.69467184,2011-2015
Cell1Camera1K,6/9/2017,8/6/2017,B. Minor,Good,Kettles ,2017,59,160,0.022489743,6864.628418,1044.289018,11.51548398,207.2142726,23,7.419289718,784.1511445,11.85827488,2012-2016
Cell1Camera2K,6/9/2017,8/6/2017,C. Closed,Good,Kettles ,2017,59,160,0.021336242,6093.325195,1408.011144,13.67049498,75.29861262,16,5.920829512,710.4438275,10.16692835,2012-2016
Cell1Camera3K,6/9/2017,8/6/2017,C. Closed,Good,Kettles ,2017,59,160,0.019378158,6094.445313,1444.794915,13.55393008,162.5409226,19,5.321368267,710.4438275,10.16692835,2012-2016
Cell1Camera4K,6/9/2017,8/6/2017,C. Closed,Good,Kettles ,2017,59,160,0.020034165,6745.513672,1224.818726,19.48424576,232.3386329,25,7.011385824,721.0971677,10.7131683,2012-2016
Cell1Camera5K,8/6/2017,10/6/2017,B. Minor,Good,Kettles ,2017,62,218,0.025588233,2918.494629,981.5725061,16.3992994,283.2529954,26,6.330628583,781.814295,12.82426133,2012-2016
Cell203Camera1,6/28/2016,9/27/2016,D. Hiking,Good,Okanogan,2016,92,180,0.02919334,15743.84277,1362.012556,12.87948369,176.4721239,26,4.449326316,1257.979919,7.447865573,2011-2015
Cell203Camera2,6/28/2016,9/27/2016,D. Hiking,Good,Okanogan,2016,92,180,0.006553757,14827.61035,1299.175516,12.76720785,254.9373646,27,4.362922107,1257.979919,8.821959657,2011-2015
Cell203Camera3,6/28/2016,9/27/2016,D. Hiking,Good,Okanogan,2016,92,180,0.013371987,16234.74707,1425.518429,13.43343652,75.07921701,24,3.834671111,1283.858308,8.804445431,2011-2015
Cell204Camera1,7/28/2017,10/3/2017,D. Hiking,Good,Okanogan,2017,68,209,5.02E-05,13673.86035,1718.164498,14.71545249,175.6157719,17,3.553883592,1269.886616,7.827915701,2012-2016
Cell204Camera2,8/1/2017,10/4/2017,D. Hiking,Good,Okanogan,2017,65,213,3.43E-05,12123.45898,1172.799843,14.71790846,236.884066,21,3.719679417,1317.94911,9.916969291,2012-2016
Cell204Camera3,8/1/2017,10/4/2017,D. Hiking,Good,Okanogan,2017,65,213,0.00048729,11675.72461,1246.007589,15.38708934,160.9883641,26,4.289508558,1317.94911,9.721265543,2012-2016
Cell204Camera4,8/2/2017,10/3/2017,D. Hiking,Good,Okanogan,2017,63,214,0.010967881,9229.244141,1842.956961,16.8691564,193.8586535,19,2.822933421,1016.320802,7.448324101,2012-2016
Cell207Camera1,7/22/2017,9/22/2017,D. Hiking,Good,Okanogan,2017,63,203,0.052200429,7360.005859,1359.552018,19.81450352,169.3918489,24,4.719814976,1000.080582,7.656257113,2012-2016
Cell207Camera2,7/22/2017,9/22/2017,D. Hiking,Good,Okanogan,2017,63,203,0.052351229,7844.268066,1376.515929,13.05357512,183.5089493,23,5.229939944,1015.409876,7.656257113,2012-2016
Cell207Camera3,7/22/2017,9/22/2017,D. Hiking,Good,Okanogan,2017,63,203,0.055682863,7594.152344,1409.661095,16.73970568,204.2767622,16,3.036685853,1015.409876,9.174187265,2012-2016
Cell207Camera4,7/22/2017,9/22/2017,D. Hiking,Good,Okanogan,2017,63,203,0.054253919,7646.633789,1448.056451,18.64581043,166.1790126,18,4.198675461,1015.409876,9.516964173,2012-2016
Cell213Camera1,7/11/2017,9/2/2017,A. Major,Good,Okanogan,2017,54,192,0.048995387,10938.91699,2012.263363,18.94439297,143.4170028,11,1.784105685,746.4362664,8.829149481,2012-2016
Cell213Camera2,7/11/2017,9/13/2017,D. Hiking,Good,Okanogan,2017,65,192,0.042235392,11344.43848,1948.640564,17.38878923,148.5626858,0,1.907136413,746.4362664,7.808088514,2012-2016
Cell213Camera3,7/11/2017,9/13/2017,D. Hiking,Good,Okanogan,2017,65,192,0.040647459,11943.88184,2049.551457,12.69774245,228.8739541,11,3.425199737,722.1545482,7.866113051,2012-2016
Cell213Camera4,7/11/2017,9/13/2017,A. Major,Good,Okanogan,2017,65,192,0.048633538,10334.19922,1902.811221,14.32278217,142.9211714,0,2.319958337,746.4362664,8.466927292,2012-2016
Cell214Camera1,6/23/2017,8/25/2017,D. Hiking,Good,Okanogan,2017,64,174,0.061256522,9717.110352,1230.826898,10.75704233,133.0693368,0,3.974154509,649.7666923,11.83953379,2012-2016
Cell214Camera2,6/23/2017,8/25/2017,C. Closed,Good,Okanogan,2017,64,174,0.053858245,10480.52441,1267.856483,19.33789638,144.7496996,7,4.40177517,649.7666923,11.83953379,2012-2016
Cell214Camera3,6/24/2017,8/25/2017,A. Major,Good,Okanogan,2017,63,175,0.057200131,10310.45313,1390.877641,14.20878508,170.9883968,10,5.383694558,649.7666923,10.23811185,2012-2016
Cell214Camera4,6/24/2017,8/25/2017,C. Closed,Good,Okanogan,2017,63,175,0.058494192,9813.341797,1342.704862,17.85581684,188.8709686,5,5.203734796,649.7666923,11.18660906,2012-2016
Cell215Camera1,6/8/2016,9/5/2016,C. Closed,Good,Okanogan,2016,90,160,0.049800701,6438.263184,1437.404707,19.01599266,205.7049347,13,4.685563174,450.6637954,10.33619223,2011-2015
Cell215Camera2,6/8/2016,9/7/2016,B. Minor,Good,Okanogan,2016,92,160,0.047057619,5251.817871,1355.70851,17.23604618,175.8676997,0,4.900282368,450.6637954,11.09076306,2011-2015
Cell215Camera3,6/8/2016,9/7/2016,B. Minor,Good,Okanogan,2016,92,160,0.052799497,5279.299316,1258.350085,15.827795,195.3913314,19,4.529955329,368.2860717,11.08240991,2011-2015
Cell217Camera1,6/22/2017,10/2/2017,C. Closed,Half Bad,Okanogan,2017,103,173,0.053544328,9092.74707,971.8005522,15.73003835,132.5552227,18,5.429552251,536.0075352,11.77798856,2012-2016
Cell217Camera2,6/22/2017,10/2/2017,A. Major,Good,Okanogan,2017,103,173,0.042126593,11590.63672,1443.581775,19.34256503,134.0584907,13,4.562373481,660.1416276,9.090814843,2012-2016
Cell217Camera3,6/22/2017,9/7/2017,C. Closed,Bad,Okanogan,2017,78,173,0.036683237,6347.30957,1446.314258,17.78287394,162.572616,15,4.402353251,498.1287859,11.19817914,2012-2016
Cell218Camera1,6/21/2016,9/19/2016,D. Hiking,Good,Okanogan,2016,91,173,0.052459186,18088.50391,2071.610727,17.96885435,276.8959659,9,2.091191431,782.7491941,7.162055848,2011-2015
Cell218Camera2,6/21/2016,9/19/2016,D. Hiking,Good,Okanogan,2016,91,173,0.046754805,15784.23047,2224.796155,23.95573152,243.1585525,15,2.355441963,785.0400942,6.028323498,2011-2015
Cell218Camera3,6/21/2016,9/19/2016,D. Hiking,Good,Okanogan,2016,91,173,0.049113996,16804.81055,1859.564705,11.76805782,227.2800383,7,2.419422585,783.0892233,8.017247479,2011-2015
Cell220Camera1,8/1/2017,10/9/2017,A. Major,Good,Okanogan,2017,70,213,0.051962893,13068.86035,1863.44816,19.48765034,137.4827285,8,2.975761233,784.616698,7.503544784,2012-2016
Cell220Camera2,8/1/2017,10/9/2017,C. Closed,Good,Okanogan,2017,70,213,0.066289075,9646.665039,1355.29294,14.6884713,160.1386401,10,5.704656468,666.7026116,10.34685759,2012-2016
Cell220Camera3,8/1/2017,10/9/2017,B. Minor,Good,Okanogan,2017,70,213,0.051146778,10949.86914,1431.800686,14.1704579,145.156577,9,5.161245908,775.1420675,9.738724372,2012-2016
Cell220Camera4,8/1/2017,10/9/2017,B. Minor,Good,Okanogan,2017,70,213,0.055992559,10054.96094,1311.238687,9.953179324,115.9174169,11,5.548929952,775.1420675,10.8287465,2012-2016
Cell221Camera1,6/22/2017,10/3/2017,C. Closed,Bad,Okanogan,2017,104,173,0.047409043,4033.538818,971.8177968,14.92601961,60.76550157,18,6.577792722,484.7880111,11.40920653,2012-2016
Cell221Camera2,6/22/2017,10/3/2017,B. Minor,Good,Okanogan,2017,104,173,0.057566997,5534.620605,1117.639115,24.37357433,114.8049096,10,4.945594748,591.4863938,12.49158723,2012-2016
Cell221Camera3,6/22/2017,10/3/2017,B. Minor,Good,Okanogan,2017,104,173,0.048040916,6002.228516,1326.563816,9.644518135,173.713357,23,5.556025643,591.4863938,10.49855532,2012-2016
Cell221Camera4,6/22/2017,10/3/2017,C. Closed,Good,Okanogan,2017,104,173,0.058863939,7761.222168,1361.429401,10.48996434,188.7839615,15,6.269828301,591.4863938,10.03609243,2012-2016
Cell224Camera1,6/13/2016,9/15/2016,B. Minor,Good,Okanogan,2016,95,165,0.051108709,17629.0918,2047.359186,22.41905255,108.8608601,6,2.953278509,785.0400942,6.53034653,2011-2015
Cell224Camera2,6/20/2016,8/23/2016,A. Major,Good,Okanogan,2016,65,172,0.051865764,16598.89258,1912.051321,16.6291075,121.501624,15,3.658924357,740.4843073,7.123691404,2011-2015
Cell224Camera3,6/20/2016,8/23/2016,A. Major,Good,Okanogan,2016,65,172,0.052900586,15582.60742,1832.787274,15.90251325,75.51795591,18,3.998982557,740.4843073,8.026159717,2011-2015
Cell224Camera4,6/24/2016,9/22/2016,B. Minor,Good,Okanogan,2016,91,176,0.054847389,11326.31055,1365.217422,10.95106499,160.410085,21,4.777842118,642.7053785,9.30357188,2011-2015
Cell224Camera5,6/24/2016,8/23/2016,A. Major,Good,Okanogan,2016,61,176,0.046279463,13480.89746,1580.536971,8.175729298,96.10638655,19,5.590026422,740.4843073,8.555458979,2011-2015
Cell225Camera1,6/3/2016,8/14/2016,B. Minor,Good,Okanogan,2016,73,155,0.041938423,8150.268066,1504.801655,10.59756365,151.4567472,12,6.663583538,641.6088637,9.249095439,2011-2015
Cell225Camera2,6/3/2016,8/15/2016,C. Closed,Good,Okanogan,2016,74,155,0.046096221,10185.80762,1491.651433,14.41290807,239.8299408,20,5.375264133,773.8696467,9.512027548,2011-2015
Cell225Camera3,6/3/2016,8/14/2016,A. Major,Good,Okanogan,2016,73,155,0.057372145,12504.32129,1776.143695,12.47428682,252.9106682,16,4.3724647,824.3180645,8.235797682,2011-2015
Cell225Camera4,6/2/2016,8/13/2016,B. Minor,Good,Okanogan,2016,73,154,0.051838922,7759.69873,1574.860867,16.48540106,212.6098791,19,5.042920303,773.8696467,9.234179889,2011-2015
Cell225Camera5,6/3/2016,8/14/2016,B. Minor,Good,Okanogan,2016,73,155,0.043620593,9408.651367,1581.472603,4.900026225,156.0305394,12,6.527560978,730.682682,8.950915701,2011-2015
Cell226Camera1,6/26/2016,9/29/2016,C. Closed,Good,Okanogan,2016,96,178,0.048953517,10113.81445,1885.421871,12.69349671,144.4803839,11,3.34413603,898.9152792,7.607292187,2011-2015
Cell226Camera2,6/26/2016,9/29/2016,D. Hiking,Bad,Okanogan,2016,96,178,0.052723948,11339.58203,1921.784947,12.2754306,185.9176699,10,3.442742328,898.9152792,7.536669125,2011-2015
Cell226Camera3,6/26/2016,9/29/2016,D. Hiking,Good,Okanogan,2016,96,178,0.045762066,14611.50391,1749.908443,8.46264462,161.6229862,12,3.394014886,872.2634588,8.292833998,2011-2015
Cell227Camera1,6/13/2017,10/2/2017,A. Major,Good,Okanogan,2017,112,164,0.03837919,13775.12793,1571.572646,20.70911828,181.982087,10,3.895981063,757.2134535,9.195298058,2012-2016
Cell227Camera2,6/13/2017,10/3/2017,C. Closed,Good,Okanogan,2017,113,164,0.046731014,9199.449219,1440.908351,17.43627477,100.2581148,21,4.972279049,628.0837852,8.930991871,2012-2016
Cell227Camera3,6/13/2017,10/2/2017,B. Minor,Good,Okanogan,2017,112,164,0.044237953,12058.33496,1591.269355,18.99062426,70.88457666,7,4.180990028,660.1416276,10.13157926,2012-2016
Cell227Camera4,6/13/2017,10/3/2017,C. Closed,Good,Okanogan,2017,113,164,0.045865405,8880.836914,1523.946855,17.19205849,217.7291934,19,7.092257623,628.0837852,9.729014602,2012-2016
Cell228Camera1,7/12/2017,9/16/2017,D. Hiking,Good,Okanogan,2017,67,193,0.055441037,17694.66406,2045.923641,12.78790738,192.193507,5,3.307661876,829.8696477,6.839304832,2012-2016
Cell228Camera2,7/12/2017,9/16/2017,A. Major,Good,Okanogan,2017,67,193,0.05184117,16652.51367,2102.412067,7.737822405,209.9794264,0,2.379086713,932.7070413,7.214356315,2012-2016
Cell228Camera4,7/12/2017,9/16/2017,B. Minor,Good,Okanogan,2017,67,193,0.052503091,17969.69922,1873.7763,6.754635761,221.3014866,14,3.02031245,837.6648388,7.657294144,2012-2016
Cell22Camera1,7/11/2017,9/24/2017,D. Hiking,Good,Okanogan,2017,76,192,0.007496596,10536.22168,852.6179613,16.85552316,251.0539283,22,5.89876786,1800.54902,11.71190802,2012-2016
Cell22Camera2,7/11/2017,9/24/2017,D. Hiking,Good,Okanogan,2017,76,192,0.007599928,9902.049805,883.41245,15.50456925,263.5630563,40,5.884980407,1800.54902,11.55363059,2012-2016
Cell22Camera4,7/11/2017,9/24/2017,B. Minor,Good,Okanogan,2017,76,192,0.018773,11961.20605,1004.436217,20.34298881,126.3246379,24,8.10440677,1800.54902,11.3022526,2012-2016
Cell231Camera1,6/9/2016,9/10/2016,B. Minor,Good,Okanogan,2016,94,161,0.053827023,10098.37695,1285.627588,13.68133034,240.5834145,12,6.743444243,585.7980278,10.0315341,2011-2015
Cell231Camera2,6/9/2016,9/10/2016,B. Minor,Good,Okanogan,2016,94,161,0.060002685,9944.633789,1477.907904,14.40509162,206.3420184,18,5.052780028,585.7980278,10.32956044,2011-2015
Cell231Camera3,6/23/2016,10/3/2016,B. Minor,Good,Okanogan,2016,103,175,0.03520499,13380.95898,1331.238844,20.9180231,282.0517668,14,3.828564306,644.6050489,11.4016208,2011-2015
Cell232Camera1,6/8/2016,9/9/2016,B. Minor,Good,Okanogan,2016,94,160,0.03756362,13621.27148,1225.162274,6.217151552,128.01578,17,4.319542958,717.8898311,10.81284224,2011-2015
Cell232Camera2,6/9/2016,9/9/2016,B. Minor,Good,Okanogan,2016,93,161,0.036913469,12190.15039,1441.409291,19.73357571,188.4807938,12,6.444193504,717.8898311,9.695758994,2011-2015
Cell232Camera3,6/9/2016,9/9/2016,B. Minor,Good,Okanogan,2016,93,161,0.03552063,14828.88379,1276.595463,9.881353562,107.3042143,16,4.567331425,776.0365354,10.54095905,2011-2015
Cell234Camera1,6/14/2016,8/5/2016,A. Major,Good,Okanogan,2016,53,166,0.041835921,11408.37305,1776.382476,18.55933149,179.2413787,4,3.897781813,685.2354264,8.56267033,2011-2015
Cell234Camera2,5/16/2016,8/5/2016,B. Minor,Good,Okanogan,2016,82,137,0.040323473,13369.71387,1381.680725,8.401970752,167.0330658,4,5.757792965,674.6396579,9.805328466,2011-2015
Cell234Camera3,6/7/2016,9/5/2016,A. Major,Good,Okanogan,2016,91,159,0.039401271,16760.36133,1123.22733,12.80670393,143.987343,21,6.314279158,740.8181887,10.68476848,2011-2015
Cell235Camera1,5/15/2016,8/4/2016,B. Minor,Good,Okanogan,2016,82,136,0.046228108,7589.608887,1416.940468,19.4615454,207.9391997,16,6.117318176,652.2300435,9.8515633,2011-2015
Cell235Camera2,6/14/2016,8/4/2016,B. Minor,Bad,Okanogan,2016,52,166,0.045319223,7616.432129,1582.379175,14.43924073,156.7727685,0,5.021759502,652.2300435,8.867174018,2011-2015
Cell235Camera3,5/15/2016,8/5/2016,A. Major,Good,Okanogan,2016,83,136,0.042025386,7791.594727,1408.222926,18.05073329,141.2626347,12,5.078189426,538.4458473,9.534138191,2011-2015
Cell235Camera4,5/15/2016,8/4/2016,B. Minor,Good,Okanogan,2016,82,136,0.045447918,7298.586914,1432.97601,15.66276986,218.5131289,14,5.429582169,652.2300435,10.35105555,2011-2015
Cell235Camera5,5/15/2016,8/4/2016,B. Minor,Good,Okanogan,2016,82,136,0.045859786,7959.066406,1503.068335,19.479329,184.113205,14,5.5447075,652.2300435,9.548245672,2011-2015
Cell236Camera1,7/6/2017,9/12/2017,D. Hiking,Good,Okanogan,2017,69,187,0.046361499,4026.987549,1300.560912,32.11326481,204.1849301,6,5.98173277,837.8293628,11.86919434,2012-2016
Cell236Camera2,7/6/2017,8/11/2017,D. Hiking,Good,Okanogan,2017,37,187,0.046439379,3370.062744,1521.44261,15.29673831,179.5493624,7,3.394673283,837.8293628,9.366958302,2012-2016
Cell236Camera3,7/6/2017,9/12/2017,D. Hiking,Good,Okanogan,2017,69,187,0.046013601,3155.537842,1611.430466,15.05814472,61.46658429,7,2.250250622,837.8293628,9.388795273,2012-2016
Cell236Camera4,7/6/2017,9/12/2017,D. Hiking,Good,Okanogan,2017,69,187,0.042420056,2981.996094,1669.915004,10.32035349,159.4456695,0,2.013286012,837.8293628,8.647227457,2012-2016
Cell237Camera1,6/14/2016,9/14/2016,B. Minor,Good,Okanogan,2016,93,166,0.047976844,3335.128662,1416.181236,23.94093914,83.91328887,13,5.823405173,446.6598652,9.67276622,2011-2015
Cell237Camera2,6/14/2016,9/14/2016,B. Minor,Good,Okanogan,2016,93,166,0.051288074,2819.863281,1375.667071,20.20348601,117.0968752,19,5.584318751,446.6598652,10.60208294,2011-2015
Cell237Camera3,6/14/2016,9/14/2016,B. Minor,Good,Okanogan,2016,93,166,0.041698437,6501.359375,1314.162421,23.05064369,76.25006305,15,5.529892426,536.6811236,10.67485383,2011-2015
Cell238Camera1,6/16/2016,9/18/2016,D. Hiking,Bad,Okanogan,2016,95,168,0.051871014,7145.51416,1333.43225,20.71054843,178.8341315,15,4.277438948,981.8854069,7.426256511,2011-2015
Cell238Camera2,6/19/2016,9/20/2016,B. Minor,Good,Okanogan,2016,94,171,0.054807016,3099.198242,1293.243437,20.10900835,255.7310333,16,4.60816301,916.4917918,8.514026946,2011-2015
Cell238Camera3,6/19/2016,9/18/2016,B. Minor,Good,Okanogan,2016,92,171,0.05331533,2346.150146,1240.283497,13.38134643,123.268043,16,5.271582697,784.0968208,9.863499022,2011-2015
Cell239Camera1,6/15/2016,8/4/2016,B. Minor,Good,Okanogan,2016,51,167,0.052676731,2861.086426,1393.422362,18.70109936,238.2558329,22,3.886172044,645.4027394,10.82856767,2011-2015
Cell239Camera2,6/15/2016,8/4/2016,A. Major,Good,Okanogan,2016,51,167,0.063674435,4293.218262,1342.022828,12.15616931,145.3838776,18,5.382993918,609.8189782,9.594331778,2011-2015
Cell239Camera3,6/15/2016,8/4/2016,A. Major,Good,Okanogan,2016,51,167,0.071517798,3907.743896,1331.579033,15.0731788,280.8990298,16,4.643767303,547.4101272,10.75308791,2011-2015
Cell239Camera4,6/14/2016,8/4/2016,B. Minor,Good,Okanogan,2016,52,166,0.044340188,6999.717773,1601.738782,16.1708096,167.99026,4,4.785156963,652.2300435,8.840170555,2011-2015
Cell239Camera5,6/15/2016,8/4/2016,B. Minor,Good,Okanogan,2016,51,167,0.051183158,5611.773926,1491.041234,16.80859152,218.7792732,5,5.608275017,609.8189782,9.451910884,2011-2015
Cell23Camera1,7/12/2017,9/24/2017,C. Closed,Good,Okanogan,2017,75,193,0.007829522,958.6171265,624.0789256,9.591069176,91.9822867,26,8.682252533,1346.626121,13.54563646,2012-2016
Cell23Camera2,7/12/2017,9/24/2017,A. Major,Good,Okanogan,2017,75,193,0.011811456,1600,625.539873,10.49783598,99.37336403,17,7.579121796,1195.032316,13.53523875,2012-2016
Cell23Camera3,7/12/2017,9/24/2017,A. Major,Good,Okanogan,2017,75,193,0.00893191,1839.248291,626.899654,8.826295413,177.7309534,36,7.778038809,1346.626121,13.11956119,2012-2016
Cell23Camera4,7/12/2017,9/24/2017,D. Hiking,Good,Okanogan,2017,75,193,0.013339724,743.8814087,694.1194779,27.03353609,280.3486045,31,5.099309853,1195.032316,12.89771143,2012-2016
Cell241Camera1,6/13/2016,9/12/2016,D. Hiking,Good,Okanogan,2016,92,165,0.040489438,14752.71094,1671.765138,8.294348478,176.2151796,8,3.485771213,1234.850828,7.605170104,2011-2015
Cell241Camera2,6/13/2016,9/12/2016,D. Hiking,Good,Okanogan,2016,92,165,0.041352957,15202.14746,1419.81536,13.5951313,135.7942659,17,4.018128014,1314.707386,7.530260274,2011-2015
Cell241Camera3,6/13/2016,9/12/2016,D. Hiking,Good,Okanogan,2016,92,165,0.043030359,16350.21094,1490.024625,17.29147194,125.4982826,13,4.17199325,1314.707386,7.68917477,2011-2015
Cell242Camera1,7/27/2017,10/15/2017,D. Hiking,Half Bad,Okanogan,2017,81,208,0.033862846,4205.004395,844.0719632,9.814429757,164.4732165,3,4.673368479,1018.660396,12.671605,2012-2016
Cell242Camera2,7/27/2017,10/15/2017,D. Hiking,Good,Okanogan,2017,81,208,0.030890513,5902.915039,942.0960768,24.27455845,178.4263375,16,3.508207851,1018.660396,11.40923815,2012-2016
Cell242Camera3,7/27/2017,10/15/2017,D. Hiking,Good,Okanogan,2017,81,208,0.033834364,6974.936523,1002.561317,24.4991982,185.4487481,18,4.51855964,1178.367084,11.39555321,2012-2016
Cell242Camera4,7/28/2017,10/15/2017,B. Minor,Good,Okanogan,2017,80,209,0.043551888,7880.00293,1484.152117,16.36247243,178.009236,16,5.827319212,994.658585,8.653278489,2012-2016
Cell244Camera1,7/27/2017,10/14/2017,D. Hiking,Good,Okanogan,2017,80,208,0.035106859,14766.50293,1313.240526,23.16215964,132.3572899,23,4.66667783,1393.045398,9.852990065,2012-2016
Cell244Camera2,7/27/2017,10/14/2017,D. Hiking,Good,Okanogan,2017,80,208,0.034485005,15720.54004,1339.465639,23.93141801,170.4807717,8,4.580604537,1393.045398,9.372317628,2012-2016
Cell244Camera3,7/27/2017,10/14/2017,D. Hiking,Good,Okanogan,2017,80,208,0.034619313,16670.37695,1338.435693,17.48374509,168.4895349,18,5.347438466,1393.045398,9.864221436,2012-2016
Cell244Camera4,7/27/2017,9/28/2017,D. Hiking,Good,Okanogan,2017,64,208,0.038591928,17515.78711,1357.142526,16.70763932,152.7575162,25,5.311753214,1393.045398,9.720812284,2012-2016
Cell245Camera1,6/30/2016,9/28/2016,D. Hiking,Good,Okanogan,2016,91,182,0.067885786,19304.10352,1640.881713,25.18714309,301.1354565,41,3.466279224,1283.858308,7.237557429,2011-2015
Cell245Camera2,6/30/2016,9/28/2016,D. Hiking,Half Bad,Okanogan,2016,91,182,0.076531529,19197.22461,1795.619645,18.52986507,141.6197969,23,3.298001137,1283.858308,6.352169201,2011-2015
Cell245Camera3,6/30/2016,9/28/2016,D. Hiking,Good,Okanogan,2016,91,182,0.047711686,17291.00586,1806.622049,14.97819511,173.8862511,9,3.002997418,1314.707386,6.411179437,2011-2015
Cell24Camera1,7/16/2016,10/2/2016,A. Major,Good,Okanogan,2016,79,198,0.015613616,12374.70996,1055.737764,11.47632478,172.8837572,19,6.776346162,1143.921836,11.59975207,2011-2015
Cell24Camera2,7/16/2016,10/2/2016,A. Major,Good,Okanogan,2016,79,198,0.016462652,13887.35742,1122.835789,20.48121359,102.5806531,20,6.754479299,1143.921836,11.47214271,2011-2015
Cell24Camera3,7/16/2016,10/2/2016,D. Hiking,Good,Okanogan,2016,79,198,0.012712319,14250.63184,1236.889141,23.55791104,147.0153335,19,7.736512805,1143.921836,8.914103869,2011-2015
Cell251Camera1,7/4/2016,10/5/2016,C. Closed,Good,Okanogan,2016,94,186,0.109839719,19374.35742,1163.588047,22.67296189,214.2700302,15,5.769362725,1252.548219,10.2948171,2011-2015
Cell251Camera2,7/4/2016,10/2/2016,C. Closed,Good,Okanogan,2016,91,186,0.107085617,19284.22656,1334.567468,26.88289004,58.22241888,31,5.699445284,1229.386858,8.578706006,2011-2015
Cell251Camera3,7/4/2016,10/2/2016,C. Closed,Good,Okanogan,2016,91,186,0.108468285,20412.79492,1499.884129,21.94056572,99.68372936,23,5.07189285,1229.386858,8.905245221,2011-2015
Cell253Camera1,7/3/2016,10/2/2016,D. Hiking,Good,Okanogan,2016,92,185,0.073498206,13375.49121,1993.024854,20.30234551,105.6825085,0,2.27571426,1104.575445,6.791805359,2011-2015
Cell253Camera2,7/4/2016,10/2/2016,C. Closed,Good,Okanogan,2016,91,186,0.108584927,18795.3418,1252.322462,28.53042569,216.8784066,26,5.53958639,1252.548219,9.327097396,2011-2015
Cell253Camera3,7/4/2016,10/5/2016,B. Minor,Good,Okanogan,2016,94,186,0.11610543,18261.24805,1340.283317,27.8437499,236.4323678,22,4.437313816,1252.548219,8.645192684,2011-2015
Cell253Camera4,7/4/2016,10/5/2016,B. Minor,Good,Okanogan,2016,94,186,0.117716518,17626.75586,1499.418068,28.03263968,199.6973536,17,5.937367381,1252.548219,8.871345778,2011-2015
Cell253Camera5,7/4/2016,10/5/2016,B. Minor,Good,Okanogan,2016,94,186,0.096549801,14434.75098,1823.427974,20.77101385,180.0537127,22,3.540059449,1104.575445,7.285183351,2011-2015
Cell254Camera1,7/6/2016,10/5/2016,D. Hiking,Good,Okanogan,2016,92,188,0.062240081,15439.76465,2014.075766,25.88434912,205.4271607,6,2.026678772,1297.064565,8.401985097,2011-2015
Cell254Camera2,7/6/2016,10/5/2016,D. Hiking,Good,Okanogan,2016,92,188,0.058582442,14790.79492,2021.097361,22.19565902,98.701219,11,1.79364416,1297.064565,8.292795123,2011-2015
Cell254Camera3,7/6/2016,10/5/2016,D. Hiking,Bad,Okanogan,2016,92,188,0.075907798,12956.03906,2000.645922,25.11395571,93.88339516,11,1.958453836,1133.391513,8.168811531,2011-2015
Cell258Camera2,6/19/2016,9/21/2016,D. Hiking,Good,Okanogan,2016,95,171,0.038621206,12593.54785,1563.063569,21.1317845,229.2254881,5,4.915687865,768.0651528,7.706176276,2011-2015
Cell258Camera3,6/19/2016,9/21/2016,D. Hiking,Good,Okanogan,2016,95,171,0.040476698,11882.88965,1461.339763,18.28422153,197.2521468,14,4.68240242,685.2354264,9.300045913,2011-2015
Cell262Camera1,6/15/2016,9/17/2016,A. Major,Good,Okanogan,2016,95,167,0.035739963,14569.14551,1490.806824,9.979031831,185.3399098,12,4.476144351,740.8181887,9.393590546,2011-2015
Cell262Camera2,6/16/2016,9/17/2016,C. Closed,Good,Okanogan,2016,94,168,0.036245062,14817.60449,1431.21562,6.487121693,218.0677669,8,4.629315669,776.0365354,8.662569472,2011-2015
Cell262Camera3,6/23/2016,9/30/2016,D. Hiking,Good,Okanogan,2016,100,175,0.042394691,9311.480469,1554.421123,22.52209142,172.5215402,14,4.414482015,792.8198488,9.698468162,2011-2015
Cell267Camera1,6/3/2016,8/14/2016,B. Minor,Good,Okanogan,2016,73,155,0.044320988,13030.5127,1649.843088,12.16930221,245.3994154,9,4.039033939,824.3180645,8.387706307,2011-2015
Cell267Camera2,6/3/2016,8/14/2016,A. Major,Good,Okanogan,2016,73,155,0.040909104,12607.41992,1683.300874,9.60156699,208.3175152,15,4.466348593,824.3180645,8.43714933,2011-2015
Cell268Camera1,6/3/2016,8/15/2016,A. Major,Good,Okanogan,2016,74,155,0.046663939,14830.06934,1835.222409,10.31251862,196.9568808,15,5.88373751,783.3453514,7.290823724,2011-2015
Cell268Camera2,6/2/2016,8/15/2016,A. Major,Good,Okanogan,2016,75,154,0.053822741,13056.28223,1674.327977,11.08024134,175.8411288,14,6.411167139,783.3453514,9.179635857,2011-2015
Cell268Camera3,6/2/2016,8/15/2016,B. Minor,Good,Okanogan,2016,75,154,0.017890343,15390.77637,1906.796864,12.20180287,230.1840473,18,5.73226044,842.1384838,8.40279437,2011-2015
Cell268Camera4,6/2/2016,8/15/2016,A. Major,Good,Okanogan,2016,75,154,0.056235427,14032.37207,1755.111698,9.141636346,172.1336633,19,5.982217438,783.3453514,8.308827488,2011-2015
Cell268Camera5,6/3/2016,8/15/2016,D. Hiking,Good,Okanogan,2016,74,155,0.045165561,10111.70508,1502.404637,11.18397308,234.2279149,9,5.632016923,700.0044486,9.266960108,2011-2015
Cell268Camera6,8/3/2017,10/10/2017,B. Minor,Good,Okanogan,2017,69,215,0.046440378,10030.55078,1472.124516,13.0265699,203.7694429,22,6.188174859,705.7344576,9.844397862,2012-2016
Cell268Camera7,8/3/2017,10/10/2017,D. Hiking,Good,Okanogan,2017,69,215,0.04373249,10736.93848,1515.717006,11.3536093,144.4354572,17,5.187335162,705.7344576,9.550032816,2012-2016
Cell268Camera8,8/3/2017,10/10/2017,D. Hiking,Good,Okanogan,2017,69,215,0.046718514,14770.39746,1828.907107,9.367110844,191.3699763,16,6.091452146,808.2541636,7.53198299,2012-2016
Cell268Camera9,8/3/2017,10/10/2017,A. Major,Good,Okanogan,2017,69,215,0.018200095,15151.55566,1876.627319,9.2931099,132.3057998,16,5.715427414,872.8361096,7.563124944,2012-2016
Cell269Camera1,9/2/2016,9/22/2016,C. Closed,Good,Okanogan,2016,21,246,0.046149649,7655.807617,1689.901934,13.76197095,257.686476,6,2.402028696,748.4133711,9.059417432,2011-2015
Cell269Camera2,6/20/2016,9/22/2016,C. Closed,Good,Okanogan,2016,95,172,0.04396094,7100.571289,1664.389658,22.87239412,177.6852389,11,3.128618291,748.4133711,8.946859401,2011-2015
Cell269Camera3,6/20/2016,9/22/2016,A. Major,Good,Okanogan,2016,95,172,0.05055429,8476.115234,1734.716948,13.41882458,114.8427757,0,2.034445671,804.3470747,8.461793918,2011-2015
Cell26Camera1,7/14/2016,9/30/2016,A. Major,Good,Okanogan,2016,79,196,0.029814857,3335.904541,1408.153214,20.30449428,137.2001617,15,7.12402465,735.8900974,9.626401174,2011-2015
Cell26Camera1K,7/30/2016,10/8/2016,A. Major,Good,Kettles ,2016,71,212,0.02041799,14966.12695,1074.866104,17.48988644,155.7635662,16,5.611084802,753.3034096,11.45284164,2011-2015
Cell26Camera2,7/14/2016,9/30/2016,A. Major,Good,Okanogan,2016,79,196,0.029403206,7026.146973,1827.481743,24.06844265,165.7723891,0,2.790281176,821.7457718,8.289543279,2011-2015
Cell26Camera2K,7/30/2016,10/8/2016,C. Closed,Good,Kettles ,2016,71,212,0.0288692,14237.26855,1112.84481,10.89510498,241.8200617,19,5.499373102,753.3034096,11.45284164,2011-2015
Cell26Camera3,7/14/2016,9/30/2016,A. Major,Good,Okanogan,2016,79,196,0.021260746,5121.12793,1629.456524,23.3187361,182.4470246,15,4.945428786,735.8900974,8.598990667,2011-2015
Cell26Camera3K,7/31/2016,10/8/2016,B. Minor,Good,Kettles ,2016,70,213,0.028181918,11265.24805,1533.667751,14.76661442,185.171917,9,8.450597975,721.1153723,9.963441668,2011-2015
Cell26Camera4K,7/31/2016,10/8/2016,D. Hiking,Good,Kettles ,2016,70,213,0.025901224,12178.05078,1665.046903,25.04307851,180.0041207,3,5.925813634,711.1383753,8.308739274,2011-2015
Cell270Camera1,6/3/2016,8/15/2016,A. Major,Good,Okanogan,2016,74,155,0.050821692,10928.82129,1569.334497,11.57545925,103.0277492,18,6.20352408,827.6082458,9.075712479,2011-2015
Cell270Camera2,6/3/2016,8/15/2016,B. Minor,Good,Okanogan,2016,74,155,0.047558373,12935.90527,1615.183744,11.80537575,73.4451614,10,5.153257636,827.6082458,8.081071203,2011-2015
Cell270Camera3,6/3/2016,8/15/2016,B. Minor,Good,Okanogan,2016,74,155,0.047382437,11724.26953,1557.830111,11.86083345,191.9616286,16,6.154445624,827.6082458,8.804522505,2011-2015
Cell270Camera4,6/2/2016,8/15/2016,A. Major,Good,Okanogan,2016,75,154,0.053665705,11404.15137,1573.984178,13.54697516,201.5132129,14,6.49507033,712.3450892,9.067024688,2011-2015
Cell272Camera1,6/3/2016,8/15/2016,B. Minor,Good,Okanogan,2016,74,155,0.041912047,7308.90332,1367.867804,9.962991005,135.9757155,20,5.078505699,773.8696467,9.799578955,2011-2015
Cell272Camera2,6/3/2016,8/15/2016,D. Hiking,Good,Okanogan,2016,74,155,0.038959358,6321.413086,1447.556866,17.20065078,274.5480763,11,4.961073104,693.638843,9.799578955,2011-2015
Cell272Camera3,6/3/2016,8/14/2016,B. Minor,Good,Okanogan,2016,73,155,0.042037675,6113.210938,1636.56297,16.05962394,247.4729363,14,5.797364146,693.638843,8.276065031,2011-2015
Cell274Camera1,6/21/2017,9/25/2017,C. Closed,Good,Okanogan,2017,97,172,0.055910055,5995.01123,1280.638568,14.23723144,84.00016719,13,5.466816779,584.4178174,10.08494701,2012-2016
Cell274Camera2,6/15/2017,9/28/2017,D. Hiking,Good,Okanogan,2017,106,166,0.067469314,3792.81958,868.2518582,8.432322937,83.10131514,0,5.548716841,457.6242532,13.01178263,2012-2016
Cell274Camera3,6/15/2017,9/28/2017,B. Minor,Good,Okanogan,2017,106,166,0.045208495,1776.511841,900.8862882,12.48123927,116.4258025,0,5.493701351,457.6242532,13.45253169,2012-2016
Cell274Camera4,6/15/2017,9/25/2017,C. Closed,Good,Okanogan,2017,103,166,0.045485234,4863.609375,1240.690887,13.7311907,221.6283956,9,5.044627498,584.4178174,11.35867394,2012-2016
Cell275Camera1,6/2/2016,8/15/2016,D. Hiking,Good,Okanogan,2016,75,154,0.047419112,5058.375977,1868.008175,9.724907283,246.1447049,12,4.064723278,606.4996243,7.31896628,2011-2015
Cell275Camera3,6/3/2016,8/15/2016,B. Minor,Good,Okanogan,2016,74,155,0.03623119,10060.62109,1737.63735,6.446603141,195.8169507,20,5.209138778,700.0044486,8.347611772,2011-2015
Cell275Camera4,6/2/2016,8/15/2016,D. Hiking,Good,Okanogan,2016,75,154,0.045351055,9946.651367,1561.877786,10.16960707,200.2578269,14,5.470912404,700.0044486,8.737092278,2011-2015
Cell27Camera2,6/20/2017,10/6/2017,C. Closed,Good,Okanogan,2017,109,171,0.016695017,6149.884766,1321.869141,22.60290729,246.5854565,8,4.723547589,606.0418232,11.84058061,2012-2016
Cell27Camera3,6/20/2017,10/12/2017,C. Closed,Good,Okanogan,2017,115,171,0.057586611,8668.191406,1582.23619,12.1390215,218.2223942,16,7.51395551,494.53309,10.37479949,2012-2016
Cell27Camera4,6/20/2017,10/13/2017,C. Closed,Good,Okanogan,2017,116,171,0.013887279,7929.856934,1496.208529,14.29144263,183.9975424,22,5.241054794,494.53309,10.21858979,2012-2016
Cell29Camera1K,7/31/2016,10/8/2016,A. Major,Good,Kettles ,2016,70,213,0.02489271,6960.204102,1059.240936,8.046226687,166.7450637,16,7.293342556,693.5627775,11.8438877,2011-2015
Cell29Camera2K,7/31/2016,10/8/2016,C. Closed,Good,Kettles ,2016,70,213,0.01927967,4806.294922,929.8385417,7.870281067,176.7219746,20,7.423745712,652.3363527,12.57807542,2011-2015
Cell29Camera3K,7/31/2016,10/8/2016,B. Minor,Good,Kettles ,2016,70,213,0.02889154,3867.276367,915.9082515,9.786387292,185.512924,15,7.261454089,679.7805579,12.51881198,2011-2015
Cell29Camera4K,7/31/2016,10/8/2016,B. Minor,Good,Kettles ,2016,70,213,0.025625629,5627.559082,1180.153503,13.44300806,127.8589032,21,7.200702042,652.3363527,11.39199413,2011-2015
Cell2Camera1K,5/25/2016,7/30/2016,D. Hiking,Good,Kettles ,2016,67,146,0.016871661,12675.34277,1930.002586,19.24450061,159.7308709,17,4.241355732,792.4527396,7.530738522,2011-2015
Cell2Camera1K2,6/20/2017,7/22/2017,D. Hiking,Good,Kettles ,2017,33,171,0.012358652,11758.45117,1806.718401,17.27937617,213.7958262,13,5.108222141,880.7183696,8.463212856,2012-2016
Cell2Camera2K,5/25/2016,7/30/2016,D. Hiking,Good,Kettles ,2016,67,146,0.016593681,11677.47559,1962.754118,19.19571081,225.587619,16,4.686030504,792.4527396,7.530738522,2011-2015
Cell2Camera2K2,6/20/2017,7/22/2017,D. Hiking,Good,Kettles ,2017,33,171,0.01457135,12739.55664,1806.487449,18.33021833,167.0093663,12,5.290974043,831.7290981,8.003639621,2012-2016
Cell2Camera3K,5/26/2016,7/30/2016,D. Hiking,Good,Kettles ,2016,66,147,0.019137247,12420.53027,1767.7874,18.56169762,291.3115809,17,5.259984503,792.4527396,7.94847042,2011-2015
Cell2Camera3K2,7/22/2017,8/17/2017,B. Minor,Good,Kettles ,2017,27,203,0.018083143,12871.75,1793.105496,15.47302609,207.2129808,16,5.767237706,831.7290981,8.003639621,2012-2016
Cell2Camera4K,5/26/2016,7/30/2016,D. Hiking,Good,Kettles ,2016,66,147,0.012094649,11165.02734,1779.297427,21.16986726,124.8596902,15,5.531293223,850.230562,8.194999699,2011-2015
Cell2Camera4K2,7/22/2017,8/17/2017,B. Minor,Good,Kettles ,2017,27,203,0.01314702,9526.297852,1670.355193,23.22947422,172.5106769,4,6.145211834,900.7303851,8.853770285,2012-2016
Cell30Camera1,7/25/2017,10/1/2017,B. Minor,Good,Okanogan,2017,69,206,0.018851872,12717.95508,1880.294345,21.89991743,209.3302075,3,5.436527174,729.2915178,9.365957098,2012-2016
Cell30Camera1K,8/8/2017,10/23/2017,A. Major,Good,Kettles ,2017,77,220,0.050437164,2054.429932,827.5722321,17.76378988,254.8197577,28,4.900807742,711.3990873,13.39070269,2012-2016
Cell30Camera2,7/25/2017,9/11/2017,D. Hiking,Good,Okanogan,2017,49,206,0.014212697,13698.45508,1972.205606,28.26089169,262.4803471,5,3.618480266,729.2915178,9.061846154,2012-2016
Cell30Camera2K,8/8/2017,10/16/2017,A. Major,Good,Kettles ,2017,70,220,0.042761483,2947.706543,980.4653826,12.36611426,276.2396265,21,5.153237901,795.1302895,12.94597862,2012-2016
Cell31Camera1K,8/9/2016,10/8/2016,D. Hiking,Bad,Kettles ,2016,61,222,0.022770254,5285.307617,1117.525477,12.90689948,200.1601703,21,6.100387173,751.2899676,11.11244242,2011-2015
Cell31Camera2K,8/9/2016,10/8/2016,C. Closed,Good,Kettles ,2016,61,222,0.040092095,6753.725098,936.865254,3.798409432,154.5538345,17,6.980848658,627.0347582,12.18589297,2011-2015
Cell31Camera3K,8/9/2016,10/8/2016,B. Minor,Good,Kettles ,2016,61,222,0.036838191,6573.972168,902.4913252,6.301209567,145.224377,11,6.992444125,627.0347582,12.88620984,2011-2015
Cell31Camera4K,8/11/2016,10/8/2016,D. Hiking,Good,Kettles ,2016,59,224,0.041805308,7424.755859,974.8816873,14.81628264,190.8779633,25,7.420730416,616.7926265,12.3277173,2011-2015
Cell31Camera5K,8/9/2016,10/8/2016,D. Hiking,Good,Kettles ,2016,61,222,0.022770254,4943.700195,1055.094428,15.72094278,224.7122388,21,5.979244337,751.2899676,12.43780792,2011-2015
Cell31Camera6K,6/11/2017,8/12/2017,A. Major,Good,Kettles ,2017,63,162,0.037772021,9321.241211,1341.376969,14.85231602,191.3598114,6,7.111619696,720.7536222,11.0603813,2012-2016
Cell31Camera7K,6/11/2017,8/13/2017,C. Closed,Good,Kettles ,2017,64,162,0.040459377,10389.9043,1243.537217,12.43661644,95.9894566,21,7.329762681,774.2743507,11.19153289,2012-2016
Cell31Camera8K,8/13/2017,10/7/2017,D. Hiking,Good,Kettles ,2017,56,225,0.029171145,5497.180664,1151.704585,15.51768166,228.0978613,22,6.236233657,720.7536222,11.39192759,2012-2016
Cell31Camera9K,8/13/2017,10/7/2017,D. Hiking,Good,Kettles ,2017,56,225,0.032010872,6219.495117,1032.392671,27.19927479,167.3619545,21,5.79311616,720.7536222,11.93212043,2012-2016
Cell32Camera1K,6/7/2017,8/8/2017,D. Hiking,Good,Kettles ,2017,63,158,0.046919003,8689.679688,1616.486119,11.4219797,68.58895092,10,4.523372407,776.4663519,8.41104516,2012-2016
Cell32Camera2K,6/7/2017,8/8/2017,A. Major,Good,Kettles ,2017,63,158,0.017405386,11200.96777,1412.031554,13.68781568,142.5262666,14,6.583832571,821.0547168,10.13437634,2012-2016
Cell32Camera3K,6/6/2017,8/8/2017,A. Major,Good,Kettles ,2017,64,157,0.014571853,14749.95605,1236.235075,17.70527097,115.6688279,23,6.329831642,801.7355627,10.6291266,2012-2016
Cell32Camera4K,6/7/2017,8/8/2017,A. Major,Good,Kettles ,2017,63,158,0.01730673,12295.33105,1298.562534,5.211797863,179.2505153,13,6.483636701,821.0547168,10.95483411,2012-2016
Cell33Camera1K,6/6/2017,8/8/2017,C. Closed,Good,Kettles ,2017,64,157,0.047116872,5321.098145,817.0938196,7.282214695,172.2130032,23,6.941841494,655.1691418,13.31613653,2012-2016
Cell33Camera2K,6/6/2017,8/8/2017,B. Minor,Good,Kettles ,2017,64,157,0.016610242,5599.667969,1021.185974,11.25994705,111.6872117,19,7.172814104,718.6233735,12.02026705,2012-2016
Cell33Camera3K,6/6/2017,8/8/2017,A. Major,Good,Kettles ,2017,64,157,0.038225276,3009.862305,875.5344424,16.83975098,147.3946017,8,6.750748981,583.4479019,12.97364098,2012-2016
Cell33Camera4K,6/6/2017,7/21/2017,B. Minor,Good,Kettles ,2017,46,157,0.034132717,5444.515625,844.1118564,9.184382849,123.08251,24,6.490745477,718.6233735,13.05726088,2012-2016
Cell34Camera1K,7/31/2016,10/8/2016,C. Closed,Good,Kettles ,2016,70,213,0.024083612,13007.31445,1097.18681,11.83362715,148.0002356,20,6.356302173,786.1498105,11.52160816,2011-2015
Cell34Camera2K,7/31/2016,10/8/2016,B. Minor,Good,Kettles ,2016,70,213,0.028404098,11992.91406,1174.654689,12.60747859,92.56999495,23,5.732127795,711.1383753,10.34903236,2011-2015
Cell34Camera3K,7/31/2016,10/8/2016,A. Major,Good,Kettles ,2016,70,213,0.030443338,9354.658203,1206.563519,15.25647162,44.42495094,15,5.851232125,693.5627775,11.01842104,2011-2015
Cell34Camera4K,7/31/2016,10/8/2016,C. Closed,Good,Kettles ,2016,70,213,0.029481812,10821.23926,1366.700063,15.67233822,168.6620109,12,7.312725867,711.1383753,10.35855803,2011-2015
Cell35Camera1K,8/8/2016,10/7/2016,A. Major,Good,Kettles ,2016,61,221,0.028960124,8957.27832,1186.251932,14.67509101,154.9096735,9,5.968780623,796.4383374,10.26216875,2011-2015
Cell35Camera2K,8/9/2016,10/8/2016,A. Major,Good,Kettles ,2016,61,222,0.029599106,11523.17383,1353.654108,13.30599393,148.3846341,14,6.098883363,796.4383374,9.189930754,2011-2015
Cell35Camera3K,8/9/2016,10/8/2016,B. Minor,Good,Kettles ,2016,61,222,0.030378201,10495.72754,1395.707576,20.99597323,164.035666,7,6.42188545,796.4383374,9.39629851,2011-2015
Cell36Camera1,6/19/2017,9/16/2017,B. Minor,Good,Okanogan,2017,90,170,0.063987401,5854.90918,1245.157962,21.21194988,142.8181695,14,6.239131802,869.1652458,10.9757036,2012-2016
Cell36Camera1K,5/22/2016,7/1/2016,A. Major,Good,Kettles ,2016,41,143,0.032884551,3117.213867,1222.053223,6.30821796,228.1888456,24,6.458833089,681.3454687,10.99450384,2011-2015
Cell36Camera2,6/19/2017,8/18/2017,B. Minor,Good,Okanogan,2017,61,170,0.049616157,6803.774902,1356.106499,23.90804673,135.9408771,0,5.966435042,911.6886644,10.83791209,2012-2016
Cell36Camera2BK,7/1/2016,8/8/2016,A. Major,Good,Kettles ,2016,39,183,0.028643578,6746.877441,1212.396235,21.5528814,189.4008655,23,6.469566478,653.9278064,10.7594078,2011-2015
Cell36Camera3,6/19/2017,8/18/2017,D. Hiking,Good,Okanogan,2017,61,170,0.038932737,9127.191406,1407.766465,17.60506545,151.8473995,19,6.78808499,809.1146901,10.34830664,2012-2016
Cell36Camera3K,5/22/2016,8/8/2016,C. Closed,Bad,Kettles ,2016,79,143,0.033208736,6804.107422,1273.601322,12.63062045,201.8718976,23,6.873539544,653.9278064,10.59596493,2011-2015
Cell36Camera4,6/19/2017,8/18/2017,D. Hiking,Good,Okanogan,2017,61,170,0.031104539,9119.814453,1643.506948,13.79949212,104.0450083,19,5.346768159,996.362,9.816195544,2012-2016
Cell36Camera4K,5/22/2016,8/8/2016,D. Hiking,Good,Kettles ,2016,79,143,0.037705567,5720.100098,1382.355799,12.91466776,210.3848911,26,5.644198681,681.3454687,10.63091751,2011-2015
Cell37Camera1K,7/30/2016,10/8/2016,A. Major,Good,Kettles ,2016,71,212,0.019972591,9659.262695,1420.578738,7.273648332,156.8449838,15,5.458486131,687.2205239,10.0630137,2011-2015
Cell37Camera2K,7/30/2016,10/8/2016,A. Major,Good,Kettles ,2016,71,212,0.021350518,11322.20215,1350.704139,14.68578667,95.05990667,19,5.542253981,687.2205239,10.94610974,2011-2015
Cell37Camera3K,7/30/2016,10/8/2016,D. Hiking,Good,Kettles ,2016,71,212,0.019839582,12420.93555,1308.381389,12.69051017,122.8405493,22,6.298252025,687.2205239,10.57665136,2011-2015
Cell37Camera4K,5/22/2016,10/8/2016,A. Major,Good,Kettles ,2016,140,143,0.028978447,8442.52832,1291.496981,9.170759154,258.4573745,22,5.743352824,653.9278064,10.13859401,2011-2015
Cell38Camera2K,6/10/2017,8/11/2017,D. Hiking,Good,Kettles ,2017,63,161,0.04050699,7735.307617,1781.06346,19.82579436,198.7121145,15,5.880995491,776.4663519,8.876766822,2012-2016
Cell38Camera3K,6/10/2017,8/9/2017,D. Hiking,Good,Kettles ,2017,61,161,0.016085523,6737.101074,1882.565586,23.50017927,177.7063817,11,6.814083859,776.4663519,8.42630152,2012-2016
Cell39Camera1,6/22/2017,8/23/2017,D. Hiking,Good,Okanogan,2017,63,173,0.050183247,9292.701172,1383.066589,10.79422498,197.7492894,19,4.709230819,710.4905574,9.939833961,2012-2016
Cell39Camera1K,6/3/2016,8/7/2016,C. Closed,Good,Kettles ,2016,66,155,0.03083325,5450.17627,1044.393505,11.35641542,134.8535324,23,5.908582193,554.2854141,12.20654313,2011-2015
Cell39Camera2,6/22/2017,8/23/2017,C. Closed,Good,Okanogan,2017,63,173,0.043125478,7205.867188,1357.615312,17.84414645,220.0492067,14,5.661901698,640.9821507,10.96185368,2012-2016
Cell39Camera2K,6/3/2016,8/7/2016,D. Hiking,Good,Kettles ,2016,66,155,0.034734538,5898.785156,1009.877871,9.708921278,160.0627743,4,5.175960333,554.2854141,12.97884691,2011-2015
Cell39Camera3,6/22/2017,8/23/2017,D. Hiking,Good,Okanogan,2017,63,173,0.045434254,9036.949219,1351.096569,14.49320148,177.8539875,11,5.019670395,640.9821507,10.71217447,2012-2016
Cell39Camera3K,6/3/2016,8/7/2016,D. Hiking,Half Bad,Kettles ,2016,66,155,0.03332179,6061.406738,838.4406408,22.19292556,159.4002342,6,5.425249757,554.2854141,12.97884691,2011-2015
Cell39Camera4,6/22/2017,8/23/2017,A. Major,Good,Okanogan,2017,63,173,0.044438816,7367.830078,1364.979425,18.90110569,112.3454504,7,5.881559903,640.9821507,11.04804516,2012-2016
Cell39Camera4K,6/3/2016,8/9/2016,A. Major,Good,Kettles ,2016,68,155,0.060125952,1408.969849,892.6478871,9.945261174,236.1356035,20,5.343820388,535.5758365,12.86955276,2011-2015
Cell40Camera1K,5/24/2016,8/8/2016,D. Hiking,Good,Kettles ,2016,77,145,0.02349054,5331.349609,927.02036,14.47871171,165.9980533,13,5.320344518,562.5704755,13.24420804,2011-2015
Cell40Camera2K,5/24/2016,8/8/2016,A. Major,Good,Kettles ,2016,77,145,0.025416329,6676.3125,1083.647883,14.91078929,174.1419135,13,5.954746519,577.3186395,12.58813307,2011-2015
Cell40Camera3K,5/23/2016,8/8/2016,D. Hiking,Good,Kettles ,2016,78,144,0.025232472,6233.800781,1064.952524,12.48671449,235.6701856,21,5.307067441,577.3186395,13.18504501,2011-2015
Cell40Camera4K,5/23/2016,8/8/2016,D. Hiking,Good,Kettles ,2016,78,144,0.020423898,4329.776367,846.1504581,15.72957506,139.8973629,18,5.441103773,562.5704755,13.11034171,2011-2015
Cell413Camera1,7/6/2017,9/6/2017,D. Hiking,Bad,Okanogan,2017,63,187,0.02013397,5524.068848,1974.637119,21.52096206,139.7579888,15,2.304928603,900.5761334,7.07985082,2012-2016
Cell413Camera2,7/6/2017,9/6/2017,D. Hiking,Good,Okanogan,2017,63,187,0.01287079,3809.337402,1876.091871,32.92585965,279.255114,10,3.377576954,926.2965708,7.538368358,2012-2016
Cell413Camera3,7/6/2017,9/6/2017,D. Hiking,Bad,Okanogan,2017,63,187,0.018467502,5237.706543,2026.778881,23.74095174,202.1106695,6,2.774765615,900.5761334,6.800677706,2012-2016
Cell41Camera1K,6/14/2017,8/19/2017,A. Major,Good,Kettles ,2017,67,165,0.045904294,1244.706787,987.0419909,16.88562838,158.6755213,11,5.553761592,636.0568052,12.52414346,2012-2016
Cell41Camera2K,6/14/2017,8/19/2017,A. Major,Good,Kettles ,2017,67,165,0.049199937,1392.44104,1059.815889,17.20248013,185.0856016,15,4.871393296,573.3796953,12.24009137,2012-2016
Cell41Camera3K,8/19/2017,9/14/2017,A. Major,Good,Kettles ,2017,27,231,0.039037362,3529.262451,1109.93014,9.359865382,237.0833544,16,5.939961524,573.3796953,12.29787762,2012-2016
Cell41Camera4K,8/19/2017,9/14/2017,B. Minor,Good,Kettles ,2017,27,231,0.037104022,4147.669434,1174.640128,11.2459783,252.0732048,25,5.746637188,573.3796953,12.27830739,2012-2016
Cell43Camera1,6/6/2016,9/6/2016,D. Hiking,Good,Okanogan,2016,93,158,0.033730844,7237.846191,1254.815054,26.79247176,160.2029245,0,5.737523484,991.9770129,9.722701039,2011-2015
Cell43Camera3,6/6/2016,9/6/2016,D. Hiking,Good,Okanogan,2016,93,158,0.048959173,6970.373535,990.2944799,9.347141158,170.0360412,19,6.437088611,966.4931577,11.18568885,2011-2015
Cell442Camera1,7/7/2017,9/27/2017,D. Hiking,Good,Okanogan,2017,83,188,0.01237813,4816.769531,1268.167825,24.33822105,242.2030626,20,5.14991541,895.6690457,10.06408626,2012-2016
Cell442Camera2,7/5/2017,9/27/2017,D. Hiking,Good,Okanogan,2017,85,186,0.012978155,4132.948242,1135.60191,28.50755956,227.2065485,23,6.382106287,895.6690457,10.79729941,2012-2016
Cell442Camera3,7/6/2017,9/26/2017,D. Hiking,Bad,Okanogan,2017,83,187,0.012298484,6056.228516,1298.78852,23.86623716,203.8389667,0,3.663260292,900.1574906,10.24606548,2012-2016
Cell442Camera4,7/6/2017,9/26/2017,D. Hiking,Half Bad,Okanogan,2017,83,187,0.01196087,3487.484619,1008.3522,28.69548034,201.2350257,16,5.128475157,895.6690457,11.85784179,2012-2016
Cell44Camera1K,8/28/2016,10/9/2016,B. Minor,Good,Kettles ,2016,43,241,0.065916843,2701.048828,1031.169103,10.03524774,71.26057206,25,5.581759392,573.913382,12.42529881,2011-2015
Cell44Camera2K,8/28/2016,10/9/2016,C. Closed,Good,Kettles ,2016,43,241,0.078070108,1394.5802,1041.510112,13.50182194,125.2537983,12,5.021764438,573.913382,12.32351483,2011-2015
Cell44Camera3K,8/28/2016,10/9/2016,B. Minor,Good,Kettles ,2016,43,241,0.055115153,4675.838867,1283.931418,14.97350274,154.8389346,3,5.214972188,688.8890031,10.2503104,2011-2015
Cell44Camera4K,8/28/2016,10/9/2016,A. Major,Good,Kettles ,2016,43,241,0.060741736,6138.260742,1290.854546,16.66488464,177.1133798,13,5.918466303,688.8890031,11.19814241,2011-2015
Cell456Camera1,7/7/2017,9/27/2017,D. Hiking,Good,Okanogan,2017,83,188,0.01217055,4904.049316,1820.251169,28.52550779,213.0697692,5,2.660369146,997.6218192,6.198838477,2012-2016
Cell456Camera2,7/7/2017,9/27/2017,D. Hiking,Good,Okanogan,2017,83,188,0.012716727,4126.279297,1596.701303,21.50002926,210.4240741,24,4.467243056,1051.19353,7.624449646,2012-2016
Cell456Camera3,7/6/2017,9/27/2017,D. Hiking,Good,Okanogan,2017,84,187,0.012637464,3615.940186,1379.724884,28.09557682,128.6044176,24,5.581684656,895.6690457,9.504157308,2012-2016
Cell456Camera4,7/5/2017,7/25/2017,D. Hiking,Half Bad,Okanogan,2017,21,186,0.012461266,3398.711426,1484.187439,19.02263575,128.5401449,23,5.0303358,1051.19353,9.210267801,2012-2016
Cell45Camera1K,8/8/2017,10/6/2017,A. Major,Good,Kettles ,2017,60,220,0.03023867,10644.26172,1200.943967,12.17067878,193.4763916,15,6.999046128,821.7704628,11.61517522,2012-2016
Cell45Camera2,7/13/2017,9/15/2017,C. Closed,Good,Okanogan,2017,65,194,0.048740286,13082.86816,1522.462278,27.1771793,275.8004272,12,4.316884163,699.6540169,9.602,2012-2016
Cell45Camera2K,8/8/2017,10/6/2017,B. Minor,Good,Kettles ,2017,60,220,0.020722497,8449.486328,1235.17951,13.49132732,183.2750639,12,6.54979902,773.0672079,11.44736505,2012-2016
Cell45Camera3,7/13/2017,9/15/2017,C. Closed,Good,Okanogan,2017,65,194,0.04877966,11870.1875,1523.948931,20.5166569,248.6140613,16,4.458947632,699.6540169,9.864389131,2012-2016
Cell45Camera3K,8/8/2017,10/6/2017,B. Minor,Good,Kettles ,2017,60,220,0.024054889,8726.750977,1135.6697,14.68744951,171.2483364,17,6.51962416,821.7704628,11.72851272,2012-2016
Cell45Camera4,7/13/2017,9/15/2017,C. Closed,Good,Okanogan,2017,65,194,0.046138145,11229.47363,1484.609476,15.42012708,140.1308754,14,5.704692762,654.2222473,9.864148427,2012-2016
Cell45Camera4K,8/8/2017,10/7/2017,B. Minor,Good,Kettles ,2017,61,220,0.027239513,6994.075684,1245.981252,10.15046155,77.29947489,20,6.047535118,865.2944413,10.48514752,2012-2016
Cell46Camera1,8/1/2017,10/9/2017,A. Major,Good,Okanogan,2017,70,213,0.064002916,10120.7207,1590.744038,26.0889176,152.6966682,12,5.201397844,672.9358927,9.143710974,2012-2016
Cell46Camera1K,5/26/2016,7/29/2016,D. Hiking,Good,Kettles ,2016,65,147,0.029373339,11188.8291,1737.509146,17.62501597,103.4453198,15,6.481300746,833.1090782,8.382905765,2011-2015
Cell46Camera2,8/1/2017,10/9/2017,B. Minor,Good,Okanogan,2017,70,213,0.049004413,8329.962891,1639.925865,21.3628364,61.63041065,14,4.206039488,545.8857015,8.323373626,2012-2016
Cell46Camera2K,5/26/2016,7/29/2016,A. Major,Good,Kettles ,2016,65,147,0.018856345,10386.9541,1597.183659,14.54142402,276.1760266,22,5.088460526,833.1090782,8.923299865,2011-2015
Cell46Camera3,8/1/2017,10/9/2017,B. Minor,Good,Okanogan,2017,70,213,0.044194897,10080.56641,1408.632724,16.73791996,125.8180466,7,5.197575953,672.9358927,10.27330724,2012-2016
Cell46Camera3K,5/27/2016,7/29/2016,D. Hiking,Good,Kettles ,2016,64,148,0.031485637,6455.563477,1528.357645,16.47480055,192.5985913,19,7.626455848,775.8913974,9.036973506,2011-2015
Cell46Camera4,8/1/2017,10/9/2017,C. Closed,Good,Okanogan,2017,70,213,0.048163589,9956.512695,1344.356804,18.92567345,75.28823954,22,5.456658975,545.8857015,10.54393271,2012-2016
Cell46Camera4K,5/27/2016,7/29/2016,D. Hiking,Good,Kettles ,2016,64,148,0.022021917,7080.197266,1576.775094,18.17041697,230.3858811,18,6.677642254,689.1747612,8.97720006,2011-2015
Cell470Camera1,7/7/2017,9/12/2017,D. Hiking,Good,Okanogan,2017,68,188,0.007772284,7858.625,1031.679739,30.90316435,221.6516015,29,6.345703889,1193.96452,11.21133539,2012-2016
Cell470Camera2,7/7/2017,9/12/2017,D. Hiking,Good,Okanogan,2017,68,188,0.007988978,7635.822266,1206.911067,29.89661012,232.7226064,5,6.086447134,1193.96452,11.21133539,2012-2016
Cell470Camera3,7/7/2017,9/12/2017,D. Hiking,Good,Okanogan,2017,68,188,0.007805856,7656.427246,1421.348318,31.26318275,231.5434458,15,5.573091736,1041.316335,11.21133539,2012-2016
Cell470Camera4,7/7/2017,9/12/2017,D. Hiking,Good,Okanogan,2017,68,188,0.007301794,7919.038086,940.6325152,33.31269763,221.674527,19,6.913590333,1193.96452,11.21133539,2012-2016
Cell47Camera1,6/9/2017,10/3/2017,A. Major,Good,Okanogan,2017,117,160,0.049427375,3280.148926,1197.985427,18.25498922,94.35290963,16,6.433753522,554.1038658,10.07745251,2012-2016
Cell47Camera1K,8/8/2017,10/22/2017,B. Minor,Half Bad,Kettles ,2017,76,220,0.035751229,6411.295898,1221.100765,13.82510613,142.6394041,17,6.885283119,830.8446276,10.52172603,2012-2016
Cell47Camera2,6/9/2017,10/4/2017,D. Hiking,Good,Okanogan,2017,118,160,0.04442803,4878.780273,1320.662045,22.48960003,321.1376352,28,4.174380608,654.7155322,11.53450294,2012-2016
Cell47Camera2K,8/8/2017,10/22/2017,C. Closed,Good,Kettles ,2017,76,220,0.028382283,7369.142578,1384.014022,15.30070212,123.6437561,10,6.171537756,830.8446276,9.674224447,2012-2016
Cell47Camera3,6/9/2017,9/27/2017,B. Minor,Good,Okanogan,2017,111,160,0.043679112,7292.726074,1413.326586,15.38635616,123.4046819,17,6.250824907,648.4536135,9.72348156,2012-2016
Cell47Camera3K,8/8/2017,10/22/2017,A. Major,Good,Kettles ,2017,76,220,0.022681159,2866.382813,1127.368696,14.59190836,42.60589988,13,4.900869338,795.1302895,10.72937859,2012-2016
Cell47Camera4,9/1/2017,10/3/2017,D. Hiking,Good,Okanogan,2017,33,244,0.047393038,5983.369141,1205.509915,9.215305569,151.5084055,19,5.455191488,591.4863938,11.35614647,2012-2016
Cell485Camera1,7/13/2017,8/22/2017,D. Hiking,Good,Okanogan,2017,41,194,0,12387.11328,987.5535493,26.23277341,179.865003,18,6.242850513,1192.677452,10.47810492,2012-2016
Cell485Camera4,7/13/2017,9/21/2017,D. Hiking,Good,Okanogan,2017,71,194,0,12030.9834,1129.207922,17.7431797,189.1551529,28,5.133833315,1317.94911,10.54748276,2012-2016
Cell48Camera1,6/17/2016,9/15/2016,B. Minor,Good,Okanogan,2016,91,169,0.04848066,18232.35742,1944.637897,8.502389281,260.7986007,15,3.177216503,881.4995116,7.391235887,2011-2015
Cell48Camera1K,6/10/2017,8/8/2017,A. Major,Good,Kettles ,2017,60,161,0.023691256,11452.88574,1488.878893,24.61285762,141.3627849,14,6.867787621,823.4164485,9.980361584,2012-2016
Cell48Camera2,6/17/2016,9/15/2016,B. Minor,Good,Okanogan,2016,91,169,0.048695589,15924.16895,1880.727179,9.370376387,108.5682555,12,3.172042676,897.5583368,7.40701415,2011-2015
Cell48Camera2K,6/10/2017,8/8/2017,B. Minor,Good,Kettles ,2017,60,161,0.02871801,12643.30469,1507.291461,10.82863418,142.8649439,19,6.693333601,831.7290981,9.40307617,2012-2016
Cell48Camera3,6/17/2016,9/15/2016,A. Major,Good,Okanogan,2016,91,169,0.052641463,16041.48145,1996.920152,15.76029451,250.6266782,12,2.189581132,881.4995116,7.876969291,2011-2015
Cell48Camera3K,6/10/2017,8/8/2017,D. Hiking,Good,Kettles ,2017,60,161,0.022289378,11346.31836,1643.157237,13.13189285,110.7483332,16,6.079616655,831.7290981,8.814396809,2012-2016
Cell48Camera4K,6/10/2017,8/8/2017,D. Hiking,Bad,Kettles ,2017,60,161,0.02344785,10373.95703,1340.884172,18.29122296,129.7612782,21,6.051623704,823.4164485,10.83072904,2012-2016
Cell499Camera1,7/6/2017,9/20/2017,D. Hiking,Half Bad,Okanogan,2017,77,187,0,14697.30176,930.6303772,10.08109474,224.0039375,30,6.136191811,1192.677452,10.56565979,2012-2016
Cell499Camera2,7/6/2017,9/20/2017,D. Hiking,Half Bad,Okanogan,2017,77,187,0,15861.75586,957.0879899,9.81961898,223.0875432,28,5.599247448,1192.677452,10.85586527,2012-2016
Cell499Camera3,7/6/2017,9/20/2017,D. Hiking,Good,Okanogan,2017,77,187,0,16974.93164,962.0031435,8.569177587,203.3195402,26,4.476328441,1232.570406,11.06688484,2012-2016
Cell499Camera4,7/6/2017,9/20/2017,D. Hiking,Good,Okanogan,2017,77,187,0,18073.9082,1003.5261,15.38918455,184.0560593,28,5.640633458,1232.570406,11.31453876,2012-2016
Cell49Camera1K,5/26/2016,7/29/2016,A. Major,Good,Kettles ,2016,65,147,0.019288597,8985.47168,1420.529674,17.902079,273.5856944,19,4.768670587,833.1090782,8.616301821,2011-2015
Cell49Camera2K,5/26/2016,7/29/2016,C. Closed,Good,Kettles ,2016,65,147,0.022893161,11694.58691,1211.429771,13.59421671,111.9155123,11,4.832742576,802.6145334,10.92956691,2011-2015
Cell49Camera3K,5/26/2016,7/29/2016,B. Minor,Good,Kettles ,2016,65,147,0.020488651,11799.13281,1280.528943,14.52921096,110.7586042,17,5.023088351,802.6145334,10.30212028,2011-2015
Cell49Camera4K,5/26/2016,7/9/2016,B. Minor,Good,Kettles ,2016,45,147,0.014468365,10924.55566,1256.611217,12.90847366,138.9159868,15,6.390828058,850.230562,10.95636941,2011-2015
Cell50Camera1,5/15/2016,8/5/2016,A. Major,Good,Okanogan,2016,83,136,0.051279206,5944.696289,1261.191797,19.83664564,236.5584927,18,6.217158285,536.6811236,11.0508862,2011-2015
Cell50Camera1K,5/27/2016,7/28/2016,A. Major,Good,Kettles ,2016,63,148,0.031176783,2717.806396,889.4834707,12.4508136,101.3360358,0,6.634549434,652.2323484,12.28772467,2011-2015
Cell50Camera2,5/15/2016,8/5/2016,B. Minor,Good,Okanogan,2016,83,136,0.048562353,6313.28125,1240.78156,24.17900299,227.7610006,18,6.461019489,536.6811236,10.00999398,2011-2015
Cell50Camera2K,5/27/2016,7/28/2016,A. Major,Good,Kettles ,2016,63,148,0.024553175,2919.730957,852.7924577,9.114844542,106.4775065,8,6.150127666,600.2842674,13.36900647,2011-2015
Cell50Camera3,5/16/2016,8/5/2016,A. Major,Good,Okanogan,2016,82,137,0.041801538,8346.751953,1415.424858,24.021844,183.7516511,10,5.787722367,536.6811236,10.06560108,2011-2015
Cell50Camera3K,5/27/2016,6/22/2016,D. Hiking,Good,Kettles ,2016,27,148,0.021860541,2767.363281,759.889237,11.22399353,136.8867656,6,5.820409593,600.2842674,13.30883923,2011-2015
Cell50Camera4,5/16/2016,8/5/2016,C. Closed,Good,Okanogan,2016,82,137,0.05428478,9828.960938,1380.38049,15.88986086,150.356448,3,5.77893633,536.6811236,10.28282327,2011-2015
Cell50Camera4K,5/27/2016,7/28/2016,D. Hiking,Good,Kettles ,2016,63,148,0.025110485,3528.67749,894.8428598,13.77710274,77.99384175,17,6.827552378,600.2842674,11.07546109,2011-2015
Cell50Camera5,5/17/2016,8/6/2016,B. Minor,Good,Okanogan,2016,82,138,0.047180941,11228.06543,1239.324919,17.54187427,67.28069601,13,5.466910193,674.6396579,10.17923694,2011-2015
Cell51Camera1,6/13/2016,8/1/2016,A. Major,Bad,Okanogan,2016,50,165,0.061524852,2481.470459,1370.307509,10.13494623,269.49032,17,4.801933891,547.4101272,9.863252898,2011-2015
Cell51Camera2,6/15/2016,8/4/2016,A. Major,Good,Okanogan,2016,51,167,0.072365165,3155.03125,1353.566403,14.69216279,188.374561,15,5.027720152,547.4101272,10.4013673,2011-2015
Cell51Camera3,6/15/2016,8/4/2016,C. Closed,Bad,Okanogan,2016,51,167,0.053125973,3333.82251,1406.109244,13.64236036,289.7506764,18,5.080316053,547.4101272,9.233565407,2011-2015
Cell52Camera1K,8/8/2017,10/6/2017,B. Minor,Good,Kettles ,2017,60,220,0.018185071,9047.555664,1356.255626,18.65496234,79.33776288,16,5.591644599,773.0672079,10.27584856,2012-2016
Cell52Camera2K,8/8/2017,10/7/2017,D. Hiking,Good,Kettles ,2017,61,220,0.029267538,4756.04248,719.0176639,10.57408638,119.7242789,24,6.622481752,688.9308401,12.77254298,2012-2016
Cell52Camera3K,8/8/2017,10/7/2017,D. Hiking,Good,Kettles ,2017,61,220,0.01947872,5514.792969,771.8805653,15.58859211,115.0597676,11,6.519920359,688.9308401,12.76873205,2012-2016
Cell52Camera4K,8/8/2017,10/7/2017,A. Major,Good,Kettles ,2017,61,220,0.017943036,6139.675781,792.7448001,11.39708695,119.1124612,21,6.319817005,688.9308401,13.30572001,2012-2016
Cell53Camera1K,5/28/2016,7/27/2016,A. Major,Good,Kettles ,2016,61,149,0.060416387,9718.673828,1034.639839,14.5145635,101.7317236,18,6.177899588,679.8938261,12.45127397,2011-2015
Cell53Camera2K,5/28/2016,7/27/2016,A. Major,Good,Kettles ,2016,61,149,0.055529993,7405.296387,845.6447498,8.520990049,122.6454511,18,6.639686447,679.8938261,12.51568102,2011-2015
Cell53Camera3K,5/28/2016,7/27/2016,A. Major,Good,Kettles ,2016,61,149,0.076345615,7689.269531,975.1100374,9.398912536,207.3970701,25,7.417060907,655.6202597,12.07868418,2011-2015
Cell53Camera4K,5/28/2016,7/27/2016,C. Closed,Good,Kettles ,2016,61,149,0.073442779,8395.041016,1087.119612,11.47679523,159.8887794,24,7.249757233,655.6202597,11.5964936,2011-2015
Cell54Camera1,7/26/2017,10/15/2017,D. Hiking,Good,Okanogan,2017,82,207,0.10936062,16180.56348,795.3335123,32.87467739,310.6945992,34,4.575064862,1436.433728,12.97402634,2012-2016
Cell54Camera1K,8/7/2017,10/6/2017,B. Minor,Good,Kettles ,2017,61,219,0.063825697,5585.20166,873.5463006,12.89285808,186.9050762,21,7.608905681,684.889761,12.7372532,2012-2016
Cell54Camera2K,8/7/2017,10/6/2017,C. Closed,Good,Kettles ,2017,61,219,0.057732356,3792.965332,817.7446407,19.35855392,183.30543,18,7.813002895,598.0737788,13.10191134,2012-2016
Cell54Camera3,7/26/2017,10/15/2017,D. Hiking,Good,Okanogan,2017,82,207,0.100351393,18145.14453,772.7739784,27.40261126,267.4915395,33,5.369352619,1436.433728,11.26678609,2012-2016
Cell54Camera3K,8/7/2017,10/6/2017,A. Major,Good,Kettles ,2017,61,219,0.062937756,2584.201904,762.4328446,19.37506962,224.0182832,23,7.518308898,598.0737788,13.23848939,2012-2016
Cell54Camera4,7/26/2017,10/15/2017,D. Hiking,Good,Okanogan,2017,82,207,0.105020895,18605.55859,790.1186562,27.85189195,261.5207785,33,5.653097805,1436.433728,11.26678609,2012-2016
Cell55Camera1,7/3/2016,10/2/2016,D. Hiking,Half Bad,Okanogan,2016,92,185,0.042741496,12671.80859,2009.730224,17.07889563,199.7653252,0,2.510855269,1104.575445,6.963370014,2011-2015
Cell55Camera1K,6/8/2017,8/7/2017,C. Closed,Good,Kettles ,2017,61,159,0.078569637,1994.084106,843.5156306,8.476863206,156.9245905,22,6.853173439,611.4721725,13.41757625,2012-2016
Cell55Camera2,7/3/2016,8/14/2016,D. Hiking,Good,Okanogan,2016,43,185,0.042284467,10459.71875,1653.491675,10.56050044,195.7639392,12,3.166818893,957.2487808,8.820895981,2011-2015
Cell55Camera2K,6/8/2017,8/7/2017,A. Major,Good,Kettles ,2017,61,159,0.072206837,1776.824219,766.3221326,14.6192389,165.58913,20,6.001549086,611.4721725,13.48883878,2012-2016
Cell55Camera3,7/3/2016,9/1/2016,A. Major,Good,Okanogan,2016,61,185,0.043970469,8591.893555,1525.978952,16.53224921,175.9057258,20,5.265967643,957.2487808,8.780731597,2011-2015
Cell55Camera3K,6/8/2017,8/7/2017,A. Major,Good,Kettles ,2017,61,159,0.074883342,1910.015625,845.8041601,16.62059046,169.9546662,7,6.62401222,611.4721725,12.98331657,2012-2016
Cell55Camera4K,6/8/2017,8/7/2017,C. Closed,Good,Kettles ,2017,61,159,0.076699468,1501.437744,804.3334808,9.774602544,213.071125,20,7.013436426,590.1200989,13.1159714,2012-2016
Cell57Camera1,6/7/2016,10/6/2016,A. Major,Good,Okanogan,2016,122,159,0.039138213,15350.37793,1280.301064,19.56151677,159.4419439,17,5.368560607,893.2518221,9.693885744,2011-2015
Cell57Camera1K,6/8/2017,8/6/2017,A. Major,Good,Kettles ,2017,60,159,0.034542853,1886.94458,741.5280473,14.55140556,118.0943571,19,6.686206359,605.2975359,13.82228406,2012-2016
Cell57Camera2,6/7/2016,9/5/2016,A. Major,Half Bad,Okanogan,2016,91,159,0.039551967,15004.2334,1991.534172,26.28348639,133.8757383,0,3.314929427,768.0651528,7.152356014,2011-2015
Cell57Camera2K,6/8/2017,8/7/2017,C. Closed,Good,Kettles ,2017,61,159,0.097282385,1646.673218,1015.462266,15.83114904,106.7695355,8,6.304918968,589.3242787,12.53785759,2012-2016
Cell57Camera3,6/15/2016,9/14/2016,D. Hiking,Good,Okanogan,2016,92,167,0.035283299,16095.54199,1319.676546,25.46328604,98.60076801,17,5.544513803,740.8181887,10.16896342,2011-2015
Cell57Camera3K,6/8/2017,8/7/2017,B. Minor,Good,Kettles ,2017,61,159,0.100765848,2217.140869,1118.226726,17.53315359,110.3601641,16,5.797675517,589.3242787,12.96887069,2012-2016
Cell57Camera4,6/15/2016,9/21/2016,D. Hiking,Bad,Okanogan,2016,99,167,0.037156894,15160.71973,1554.81743,10.68642496,178.3533106,6,3.785336337,740.8181887,9.119457022,2011-2015
Cell57Camera5,6/15/2016,9/21/2016,D. Hiking,Good,Okanogan,2016,99,167,0.038015991,14287.50391,1635.827592,16.32190669,173.6497523,4,4.073706888,854.1373625,7.906974409,2011-2015
Cell58Camera1K,6/7/2017,8/7/2017,B. Minor,Good,Kettles ,2017,62,158,0.027550032,790.2548218,669.0141084,11.90194401,157.4231948,5,6.303983699,598.3803665,14.34001385,2012-2016
Cell58Camera2K,6/7/2017,8/7/2017,A. Major,Good,Kettles ,2017,62,158,0.022096805,3070.162354,665.7373418,20.05657761,208.5397746,23,6.070170393,663.647185,14.27643279,2012-2016
Cell58Camera3K,6/7/2017,8/7/2017,A. Major,Good,Kettles ,2017,62,158,0.020368558,3785.231445,729.0432348,13.97712501,177.0583439,6,7.018334597,663.647185,14.03330543,2012-2016
Cell58Camera4K,6/7/2017,8/7/2017,A. Major,Good,Kettles ,2017,62,158,0.024250544,2861.03418,654.6038469,13.00665449,124.0004269,3,6.779809751,663.647185,14.03316559,2012-2016
Cell59Camera1,7/14/2017,10/10/2017,A. Major,Good,Okanogan,2017,89,195,0.053943373,10145.49219,1883.315438,14.41311116,159.6386011,9,2.857958774,906.4164737,8.087439109,2012-2016
Cell59Camera1K,7/27/2016,10/7/2016,A. Major,Good,Kettles ,2016,73,209,0.031051654,4229.939453,993.7438286,18.2181712,209.9749885,18,7.515878157,687.6709328,11.36811742,2011-2015
Cell59Camera2,7/14/2017,10/10/2017,A. Major,Good,Okanogan,2017,89,195,0.052642824,9783.868164,1677.993434,11.74888063,134.4754138,0,2.313827598,847.9028891,9.186470721,2012-2016
Cell59Camera2K,7/28/2016,10/7/2016,A. Major,Good,Kettles ,2016,72,210,0.028643185,7793.291016,1233.103795,8.915846916,159.1041454,16,6.736745547,747.7873551,10.89443444,2011-2015
Cell59Camera3,7/14/2017,10/10/2017,C. Closed,Good,Okanogan,2017,89,195,0.049538664,13478.44336,1660.185982,10.40281279,216.0515291,15,4.668549275,838.3165158,8.702064128,2012-2016
Cell59Camera3K,7/28/2016,10/7/2016,B. Minor,Good,Kettles ,2016,72,210,0.031926479,5722.262695,1092.618873,16.05202673,114.08991,24,7.084965754,747.7873551,10.56741758,2011-2015
Cell59Camera4,7/14/2017,10/10/2017,D. Hiking,Good,Okanogan,2017,89,195,0.000442217,14116.37695,1947.226509,14.03000154,97.04932143,11,4.096233031,872.8361096,8.048674996,2012-2016
Cell59Camera4K,7/28/2016,10/7/2016,C. Closed,Good,Kettles ,2016,72,210,0.02845779,6701.597656,1153.061376,6.497095315,142.7175292,23,5.928019904,771.3208493,10.53693467,2011-2015
Cell60Camera1,6/2/2016,8/15/2016,C. Closed,Good,Okanogan,2016,75,154,0.050827125,6016.718262,1576.81264,10.21784276,227.9138362,13,5.658839477,606.4996243,9.105001355,2011-2015
Cell60Camera1K,6/11/2017,8/10/2017,A. Major,Good,Kettles ,2017,61,162,0.018885546,9392.40625,1180.790132,13.55077913,38.68872006,10,4.436792223,811.3253779,10.56460605,2012-2016
Cell60Camera2,6/2/2016,8/15/2016,B. Minor,Good,Okanogan,2016,75,154,0.055004604,7038.710449,1549.680606,22.93421495,61.87490067,17,5.493350303,628.8267187,11.06242556,2011-2015
Cell60Camera2K,6/12/2017,7/9/2017,D. Hiking,Good,Kettles ,2017,28,163,0.029378569,10483.88086,1483.249755,17.52085643,279.1371199,8,4.256941858,809.984911,9.704841337,2012-2016
Cell60Camera3,6/1/2016,8/15/2016,B. Minor,Good,Okanogan,2016,76,153,0.044005111,8794.692383,1582.322388,10.55706636,250.8617917,13,6.094776834,700.0044486,9.312386873,2011-2015
Cell60Camera3K,6/12/2017,7/26/2017,A. Major,Good,Kettles ,2017,45,163,0.02664315,9483.041992,1274.946425,17.11064211,156.7489377,8,5.64462736,810.4814806,11.08547885,2012-2016
Cell60Camera4,6/1/2016,8/15/2016,B. Minor,Good,Okanogan,2016,76,153,0.046818545,9676.819336,1351.505174,12.29628903,209.7308541,11,5.540244011,712.3450892,9.874412765,2011-2015
Cell60Camera4K,6/12/2017,8/10/2017,B. Minor,Good,Kettles ,2017,60,163,0.024731277,10627.17285,1461.955223,14.38200634,285.1841782,6,4.985892338,844.048763,9.926277886,2012-2016
Cell60Camera5,6/1/2016,8/15/2016,B. Minor,Good,Okanogan,2016,76,153,0.051316202,8918.577148,1486.465611,11.21198499,105.2371876,19,6.249378857,712.3450892,9.170051332,2011-2015
Cell61Camera1K,8/10/2017,10/21/2017,A. Major,Good,Kettles ,2017,73,222,0.086275317,2435.230469,1139.052153,16.94813517,198.3774863,22,4.714931061,610.0368595,11.77157022,2012-2016
Cell61Camera2K,8/10/2017,10/21/2017,C. Closed,Good,Kettles ,2017,73,222,0.056807362,2590.728516,1213.450122,13.0700635,282.6219774,12,5.761167555,610.0368595,11.41797486,2012-2016
Cell61Camera3K,8/10/2017,10/21/2017,A. Major,Good,Kettles ,2017,73,222,0.043866962,3813.901367,1415.317492,12.89777105,253.5845976,21,7.124537934,689.3175613,10.99183863,2012-2016
Cell61Camera4K,8/10/2017,10/21/2017,C. Closed,Good,Kettles ,2017,73,222,0.049594494,4179.891113,1482.54003,14.08849966,196.3690926,17,6.703371647,689.3175613,10.90341502,2012-2016
Cell62Camera1K,8/11/2016,10/9/2016,A. Major,Good,Kettles ,2016,60,224,0.020366777,11819.69727,1375.063788,13.23042873,132.4343411,0,5.361452617,772.1445941,9.987648051,2011-2015
Cell62Camera2K,8/11/2016,10/9/2016,D. Hiking,Good,Kettles ,2016,60,224,0.018772917,11162.66797,1556.065456,15.68703461,140.2969412,16,5.391863567,784.9397846,9.338416077,2011-2015
Cell62Camera3K,8/11/2016,10/9/2016,C. Closed,Good,Kettles ,2016,60,224,0.024984994,11024.02734,1324.783401,14.03533766,189.2567095,15,6.899837521,784.9397846,10.21132967,2011-2015
Cell62Camera4K,8/11/2016,10/9/2016,A. Major,Good,Kettles ,2016,60,224,0.021815971,12271.48047,1460.744331,16.76543353,145.6874963,14,6.57445149,784.9397846,9.122485172,2011-2015
Cell63Camera1K,8/10/2017,10/21/2017,A. Major,Good,Kettles ,2017,73,222,0.028862412,2983.813721,1329.134402,15.13180797,205.4111297,0,5.728048526,610.0368595,11.98137272,2012-2016
Cell63Camera2K,8/11/2017,10/21/2017,A. Major,Good,Kettles ,2017,72,223,0.040660558,3058.069092,1089.183203,15.58155555,208.0909015,17,5.308694682,659.0413163,11.89676622,2012-2016
Cell63Camera3K,8/11/2017,10/11/2017,B. Minor,Good,Kettles ,2017,62,223,0.034183827,3383.019043,1454.824874,13.77113308,225.4164551,12,6.475121395,659.0413163,10.63353786,2012-2016
Cell63Camera4K,8/11/2017,10/3/2017,D. Hiking,Good,Kettles ,2017,54,223,0.034195493,4677.985352,1575.34297,19.86486229,237.4540168,6,5.740997844,741.7093753,10.10547795,2012-2016
Cell64Camera1K,8/10/2016,10/9/2016,A. Major,Good,Kettles ,2016,61,223,0.042158872,7904.917969,1177.810484,8.54483021,217.9758776,0,6.100448941,769.9392242,11.11018681,2011-2015
Cell64Camera2K,8/11/2016,10/9/2016,C. Closed,Bad,Kettles ,2016,60,224,0.03215617,7328.071777,1404.29906,10.11251106,218.588816,0,6.659403138,769.9392242,10.35303553,2011-2015
Cell64Camera3K,8/11/2016,10/9/2016,A. Major,Good,Kettles ,2016,60,224,0.031540122,7231.88916,1489.449019,14.42372243,110.7439716,7,4.762372732,695.5867373,10.35303553,2011-2015
Cell64Camera4K,8/11/2016,10/9/2016,A. Major,Good,Kettles ,2016,60,224,0.02944303,7573.120605,1314.901919,8.5909399,260.0877388,4,5.953404914,769.9392242,11.34583532,2011-2015
Cell65Camera2K,6/11/2017,8/11/2017,C. Closed,Good,Kettles ,2017,62,162,0.041505221,3898.406494,1419.663939,14.05944325,235.7449578,12,5.656612819,476.9115267,10.20605811,2012-2016
Cell65Camera3K,7/6/2017,8/11/2017,A. Major,Good,Kettles ,2017,37,187,0.046620145,4301.583496,1475.291207,15.64227115,260.2228464,16,5.609925017,424.7268202,10.55435345,2012-2016
Cell65Camera4K,6/11/2017,8/11/2017,B. Minor,Good,Kettles ,2017,62,162,0.029338146,5916.754395,1386.163279,15.61296665,202.8652195,24,6.055183704,492.6765014,10.41628406,2012-2016
Cell66Camera1K,6/3/2016,8/8/2016,A. Major,Good,Kettles ,2016,67,155,0.03656302,6189.068359,1220.385263,15.7782551,239.2566683,21,4.598752863,469.593477,10.77718335,2011-2015
Cell66Camera2K,6/3/2016,8/8/2016,A. Major,Good,Kettles ,2016,67,155,0.04961485,4107.478027,1189.148514,8.659248959,129.632761,13,5.231596025,495.3165649,11.02394069,2011-2015
Cell66Camera3K,6/3/2016,8/8/2016,A. Major,Bad,Kettles ,2016,67,155,0.049364848,5517.026367,1328.125315,6.537900217,87.44065751,13,5.677248737,458.821924,10.79274725,2011-2015
Cell66Camera4K,6/3/2016,8/8/2016,A. Major,Good,Kettles ,2016,67,155,0.044115979,6227.61377,1382.914709,16.64738754,103.4097037,4,5.046060304,469.593477,10.79113096,2011-2015
Cell673Camera1,7/15/2017,9/19/2017,D. Hiking,Good,Okanogan,2017,67,196,0.000746191,15716.44824,1339.352457,29.65718521,219.4024459,27,7.910818749,1627.541335,10.473846,2012-2016
Cell673Camera2,7/15/2017,9/19/2017,D. Hiking,Good,Okanogan,2017,67,196,0,15990.62793,1472.007667,27.38772844,205.7441033,16,6.955376017,1627.541335,8.332872949,2012-2016
Cell673Camera3,7/15/2017,9/19/2017,D. Hiking,Half Bad,Okanogan,2017,67,196,0.006826946,15176.50293,1162.591292,27.49954232,193.0477992,26,10.05374831,1627.541335,11.05199217,2012-2016
Cell67Camera1K,6/4/2016,8/10/2016,A. Major,Bad,Kettles ,2016,68,156,0.020854816,4887.444824,1218.719274,13.72650757,199.6214715,26,5.800193697,549.9902746,11.05608054,2011-2015
Cell67Camera2K,6/4/2016,8/10/2016,B. Minor,Good,Kettles ,2016,68,156,0.023070351,4507.706055,1220.577871,8.251577266,265.0461477,24,5.98371795,549.9902746,11.3272261,2011-2015
Cell67Camera3K,6/4/2016,8/10/2016,A. Major,Good,Kettles ,2016,68,156,0.029534671,7031.730469,1209.662937,9.752797421,182.7887685,22,6.103799174,472.8673347,11.10666988,2011-2015
Cell67Camera4K,6/4/2016,8/10/2016,A. Major,Good,Kettles ,2016,68,156,0.031639427,7536.841797,1319.496226,11.99948761,74.21959629,20,5.217588664,472.8673347,10.65223092,2011-2015
Cell68Camera1K,7/7/2017,8/11/2017,A. Major,Good,Kettles ,2017,36,188,0.046249074,7448.489746,1165.716237,12.22101501,144.0553938,22,5.71402617,492.6765014,11.18443941,2012-2016
Cell68Camera3K,6/10/2017,8/10/2017,B. Minor,Good,Kettles ,2017,62,161,0.06089048,6020.860352,1357.377129,14.37117664,123.7543077,10,6.260504541,424.7268202,9.842239049,2012-2016
Cell68Camera4K,6/11/2017,8/11/2017,A. Major,Good,Kettles ,2017,62,162,0.045836894,5335.285156,1316.876781,12.03530795,106.0972797,25,5.128007727,424.7268202,10.79809679,2012-2016
Cell69Camera1K,8/11/2017,10/21/2017,A. Major,Good,Kettles ,2017,72,223,0.029298213,4183.628418,1418.462956,8.910950289,116.8597083,19,4.202949005,510.5350855,10.01211034,2012-2016
Cell69Camera2K,8/12/2017,10/21/2017,B. Minor,Good,Kettles ,2017,71,224,0.039389794,2507.018066,1272.724529,13.46008914,259.372006,15,4.605322077,510.5350855,11.89903161,2012-2016
Cell69Camera3K,8/12/2017,10/21/2017,C. Closed,Good,Kettles ,2017,71,224,0.029456535,4581.905762,1337.108614,10.40274146,245.9027567,15,4.719386424,541.5761503,11.48957534,2012-2016
Cell69Camera4K,8/12/2017,10/9/2017,A. Major,Good,Kettles ,2017,59,224,0.040324302,3655.45752,1361.054956,18.04576207,244.9802895,15,4.817042863,510.5350855,10.67754027,2012-2016
Cell702Camera1,7/18/2017,9/21/2017,D. Hiking,Good,Okanogan,2017,66,199,0.082042103,20801.92383,917.7885785,27.18064949,234.1964698,28,8.555077098,1363.349533,11.95939741,2012-2016
Cell702Camera2,7/18/2017,9/21/2017,D. Hiking,Good,Okanogan,2017,66,199,0.10973351,21097.94727,1158.05491,27.05754557,204.2564709,29,8.311707851,1363.349533,11.95939741,2012-2016
Cell70Camera1,7/14/2017,9/25/2017,B. Minor,Good,Okanogan,2017,74,195,0.017400046,5799.644043,1346.610612,9.143227308,154.1800685,21,7.785850296,656.0461807,11.1473098,2012-2016
Cell70Camera2,7/14/2017,9/25/2017,B. Minor,Good,Okanogan,2017,74,195,0.021613995,3373.181152,1134.603593,10.77511805,150.5729918,17,6.888118111,592.5676017,11.55253696,2012-2016
Cell70Camera2K,6/4/2016,8/10/2016,A. Major,Good,Kettles ,2016,68,156,0.048667717,2506.239746,1067.559937,13.96178478,117.0435488,26,5.055406607,549.9902746,12.16822204,2011-2015
Cell70Camera3,7/24/2017,9/26/2017,B. Minor,Good,Okanogan,2017,65,205,0.020944821,4050.699707,1214.726675,21.83317426,168.0190353,12,5.462645702,592.5676017,11.44449074,2012-2016
Cell70Camera3K,6/4/2016,8/10/2016,B. Minor,Bad,Kettles ,2016,68,156,0.029103564,2913.761475,1125.072706,6.952162726,194.8927344,23,5.942805543,549.9902746,11.16002424,2011-2015
Cell70Camera4,7/24/2017,9/26/2017,B. Minor,Good,Okanogan,2017,65,205,0.015626865,4422.232422,1355.714144,12.94676856,109.065748,10,6.411460099,385.6943334,11.71421812,2012-2016
Cell70camera4K,6/4/2016,8/10/2016,A. Major,Good,Kettles ,2016,68,156,0.021871445,4289.623535,1178.423682,11.12770232,287.9727734,22,5.124395898,549.9902746,10.72494701,2011-2015
Cell717Camera1,7/12/2017,11/10/2017,D. Hiking,Good,Okanogan,2017,122,193,0.102323443,19602.31836,888.1193317,19.29079093,142.3437591,22,9.011714773,1419.39384,12.35007978,2012-2016
Cell717Camera2,7/12/2017,11/10/2017,D. Hiking,Good,Okanogan,2017,122,193,0.08398291,20154.03516,738.7519981,19.40549962,137.4673827,20,8.675843551,1419.39384,11.18599789,2012-2016
Cell717Camera3,7/12/2017,11/10/2017,D. Hiking,Good,Okanogan,2017,122,193,0.082484857,20862.86133,702.5643095,19.49629753,230.7345512,36,8.219362282,1419.39384,12.59738251,2012-2016
Cell717Camera4,7/12/2017,11/10/2017,D. Hiking,Good,Okanogan,2017,122,193,0.089746177,21817.38281,676.3701921,12.42115844,222.0692815,28,8.821778512,1419.39384,12.69804441,2012-2016
Cell71Camera1K,8/11/2017,10/21/2017,A. Major,Good,Kettles ,2017,72,223,0.031202298,5023.006836,1533.048267,13.71424155,134.0575586,17,5.502711676,541.5761503,10.09846094,2012-2016
Cell71Camera3K,8/11/2017,10/21/2017,B. Minor,Good,Kettles ,2017,72,223,0.033334002,3709.567139,1439.336061,13.57169042,155.6828416,11,4.336591786,577.986586,9.7391689,2012-2016
Cell71Camera4K,8/11/2017,9/28/2017,A. Major,Good,Kettles ,2017,49,223,0.042472868,2619.027832,1314.813075,15.13462383,83.10126308,10,5.643630858,577.986586,10.26322294,2012-2016
Cell72Camera1K,8/6/2017,10/6/2017,B. Minor,Good,Kettles ,2017,62,218,0.023139532,4616.816895,1144.407359,16.09142184,174.2234546,23,5.260589649,788.5048274,11.33142511,2012-2016
Cell72Camera2K,8/6/2017,10/6/2017,B. Minor,Good,Kettles ,2017,62,218,0.046246843,3364.58667,1152.098215,15.88738062,174.7900533,24,5.319132958,788.5048274,11.33731236,2012-2016
Cell72Camera3K,8/6/2017,10/6/2017,A. Major,Good,Kettles ,2017,62,218,0.026430134,5620.619629,1276.091886,15.46789072,77.77663339,15,5.414926965,788.5048274,10.56855156,2012-2016
Cell731Camera1,7/11/2017,11/6/2017,D. Hiking,Good,Okanogan,2017,119,192,0.090997584,21744.25,715.3441526,14.97160503,98.57990955,39,5.758662062,1297.934515,12.92081605,2012-2016
Cell731Camera2,7/11/2017,11/6/2017,D. Hiking,Good,Okanogan,2017,119,192,0.097755091,21994.41406,811.7354021,9.16993525,139.5334023,33,7.873687956,1297.934515,12.42875478,2012-2016
Cell731Camera3,7/11/2017,11/6/2017,D. Hiking,Good,Okanogan,2017,119,192,0.107151084,22487.50391,876.0072294,16.31491368,124.4666494,32,6.807421441,1226.811187,11.80844799,2012-2016
Cell731Camera4,7/12/2017,11/6/2017,D. Hiking,Good,Okanogan,2017,118,193,0.104532509,21064.2207,917.8568017,20.18495314,147.5963228,30,5.627753864,1307.393614,11.75695966,2012-2016
Cell73Camera1K,8/11/2016,10/9/2016,B. Minor,Good,Kettles ,2016,60,224,0.025117944,8442.235352,1420.170295,16.44952174,210.8891777,0,6.475695516,756.6481321,10.04199729,2011-2015
Cell73Camera2K,8/11/2016,10/9/2016,A. Major,Good,Kettles ,2016,60,224,0.025584476,4447.85498,1092.678769,22.10045168,267.8311659,14,4.595069335,695.5867373,11.37290486,2011-2015
Cell73Camera3K,8/11/2016,10/9/2016,A. Major,Bad,Kettles ,2016,60,224,0.024213183,5696.451172,1188.911321,13.16263912,166.5583173,6,5.706763097,695.5867373,10.66706654,2011-2015
Cell73Camera4K,8/11/2016,10/9/2016,A. Major,Good,Kettles ,2016,60,224,0.026196529,7825.53418,1411.835275,14.0255136,185.6023618,5,4.76103103,695.5867373,10.194804,2011-2015
Cell74Camera1BK,7/2/2016,8/10/2016,C. Closed,Good,Kettles ,2016,40,184,0.038351107,4510.943359,962.5034048,11.89885279,204.0833438,24,5.836854081,564.7805885,12.02009333,2011-2015
Cell74Camera2K,5/23/2016,8/10/2016,A. Major,Good,Kettles ,2016,80,144,0.037287444,3582.87915,955.5603841,22.17118428,198.655028,13,5.926417524,564.7805885,12.37939335,2011-2015
Cell74Camera3K,5/23/2016,8/10/2016,B. Minor,Good,Kettles ,2016,80,144,0.05129214,1918.080444,764.1061656,19.22050293,168.7702208,25,5.793760303,564.7805885,14.16539636,2011-2015
Cell74Camera4K,5/23/2016,8/10/2016,B. Minor,Bad,Kettles ,2016,80,144,0.047232798,2783.232178,833.1529774,12.4575351,119.1073866,19,5.711588825,564.7805885,13.21227337,2011-2015
Cell76Camera1K,7/27/2016,10/7/2016,A. Major,Good,Kettles ,2016,73,209,0.027544626,3827.040283,1120.023396,16.35639661,132.8095906,14,7.382033499,687.6709328,11.36811742,2011-2015
Cell76Camera2K,7/28/2016,10/7/2016,B. Minor,Good,Kettles ,2016,72,210,0.026621344,4342.134277,1127.834652,12.18217267,62.41560653,21,6.839623863,677.6958168,10.84774244,2011-2015
Cell76Camera3K,7/28/2016,10/7/2016,C. Closed,Good,Kettles ,2016,72,210,0.028464505,3255.800781,991.2980885,8.35227454,81.54828047,23,7.612565281,677.6958168,12.18295514,2011-2015
Cell76Camera4K,7/28/2016,10/7/2016,B. Minor,Good,Kettles ,2016,72,210,0.031569673,3690.29834,1211.999073,19.89411104,43.18815279,26,6.086880233,677.6958168,10.84774244,2011-2015
Cell77Camera1K,5/28/2016,7/27/2016,C. Closed,Good,Kettles ,2016,61,149,0.078623882,8109.242676,1436.064813,14.38422277,72.39718082,8,5.631197008,695.1505083,10.17686768,2011-2015
Cell77Camera2K,5/28/2016,7/27/2016,A. Major,Good,Kettles ,2016,61,149,0.080136187,5125.17334,1108.655015,16.8082785,149.5298827,19,7.730988575,664.1702791,11.40807737,2011-2015
Cell77Camera3K,5/28/2016,7/27/2016,B. Minor,Good,Kettles ,2016,61,149,0.053216662,7010.654297,1216.237995,11.17158694,223.5067547,24,7.75669427,664.1702791,11.42036083,2011-2015
Cell77Camera4K,5/28/2016,7/27/2016,A. Major,Good,Kettles ,2016,61,149,0.060527604,5704.499512,944.8493474,14.52081603,224.052123,16,7.137689697,622.2392984,12.15447117,2011-2015
Cell78Camera1K,6/8/2017,8/7/2017,B. Minor,Good,Kettles ,2017,61,159,0.046030961,5456.386719,968.5764224,15.71148544,219.8903567,15,6.751545175,651.8992319,12.15598766,2012-2016
Cell78Camera2K,6/8/2017,8/7/2017,A. Major,Good,Kettles ,2017,61,159,0.057654936,4504.320801,725.9996161,13.93455239,204.1804762,17,7.052573946,651.8992319,13.85523243,2012-2016
Cell78Camera3K,6/8/2017,8/7/2017,A. Major,Good,Kettles ,2017,61,159,0.072211624,1822.412964,968.4720548,10.58447764,181.1510025,12,6.284518586,607.9732413,12.67082357,2012-2016
Cell78Camera4K,6/8/2017,8/7/2017,A. Major,Good,Kettles ,2017,61,159,0.070970915,2767.906006,949.0243049,16.10058033,238.5802389,19,5.192921417,607.9732413,12.99868749,2012-2016
Cell8Camera1K,6/6/2017,8/8/2017,A. Major,Good,Kettles ,2017,64,157,0.016453324,14494.88477,1133.390572,22.29006337,149.9687024,17,5.312434205,801.7355627,11.23306398,2012-2016
Cell8Camera2K,6/6/2017,8/8/2017,B. Minor,Good,Kettles ,2017,64,157,0.053725395,10634.50488,886.4851164,16.29917786,196.9491458,6,7.236634858,753.9470515,13.09848442,2012-2016
Cell8Camera3K,6/6/2017,8/8/2017,A. Major,Good,Kettles ,2017,64,157,0.029838641,11204.16309,1323.273874,9.927127544,132.1556988,14,6.45459799,753.9470515,11.73862908,2012-2016
Cell8Camera4K,6/6/2017,8/8/2017,C. Closed,Good,Kettles ,2017,64,157,0.024720338,10017.96582,1016.154005,17.33971394,202.9543438,18,8.254961194,801.7355627,12.38558257,2012-2016
Cell91Camera1,6/21/2017,10/13/2017,A. Major,Good,Okanogan,2017,115,172,0.078442045,1014.700867,1046.494459,16.0517961,95.93213005,5,6.378786438,329.8425798,12.78648969,2012-2016
Cell91Camera2,6/21/2017,10/13/2017,A. Major,Good,Okanogan,2017,115,172,0.059059809,1877.071411,1265.972275,14.34749401,196.6948629,16,6.629777353,329.8425798,11.48108294,2012-2016
Cell91Camera4,6/21/2017,8/3/2017,A. Major,Good,Okanogan,2017,44,172,0.048619358,3312.450928,1283.519739,23.57026923,196.4912245,12,5.811617896,329.8425798,11.72611365,2012-2016
Cell95Camera1,7/14/2017,9/25/2017,B. Minor,Good,Okanogan,2017,74,195,0.01427571,6008.923828,1609.202706,9.56958932,254.4772772,9,3.177062982,656.8659261,9.130295951,2012-2016
Cell95Camera2,7/14/2017,9/25/2017,C. Closed,Good,Okanogan,2017,74,195,0.022801147,3576.101563,1068.956262,19.60319188,92.46054734,5,8.174718818,644.9921049,12.69978157,2012-2016
Cell95Camera3,7/14/2017,9/25/2017,B. Minor,Good,Okanogan,2017,74,195,0.02898767,4139.061523,1222.69746,13.8754062,165.3682462,4,9.087793924,644.9921049,11.72874138,2012-2016
Cell95Camera4,7/14/2017,9/25/2017,A. Major,Good,Okanogan,2017,74,195,0.027924843,3036.611084,1070.53,12.95736907,197.9418799,7,7.927579044,644.9921049,12.15550595,2012-2016
Cell98Camera1,7/21/2016,9/25/2016,D. Hiking,Good,Okanogan,2016,67,203,0.007160788,7827.968262,1511.782053,24.16635507,195.6728191,25,4.679769152,775.7383278,8.949092127,2011-2015
Cell98Camera2,7/21/2016,9/25/2016,D. Hiking,Good,Okanogan,2016,67,203,0.009028618,10423.50195,1661.71056,10.71569925,135.6179491,16,4.242701447,943.1020532,8.022042752,2011-2015
Cell98Camera3,7/21/2016,9/25/2016,D. Hiking,Good,Okanogan,2016,67,203,0.009439321,10925.71777,1703.977811,10.23289594,197.3570856,16,3.998019326,755.1660282,7.827937528,2011-2015
Cell9Camera1,7/14/2017,9/25/2017,A. Major,Good,Okanogan,2017,74,195,0.021991371,4384.353027,1532.920615,15.57775101,253.5197543,25,5.668073371,632.2093819,10.62788589,2012-2016
Cell9Camera1K,8/9/2017,10/8/2017,D. Hiking,Good,Kettles ,2017,61,221,0.019921387,7027.650879,1843.109803,18.22770257,157.4618103,8,5.490674084,765.9315119,8.627885443,2012-2016
Cell9Camera2,7/14/2017,9/25/2017,B. Minor,Good,Okanogan,2017,74,195,0.014261917,5475.007324,1618.878247,9.202720928,201.1944444,20,5.086491664,632.2093819,9.165734909,2012-2016
Cell9Camera2K,8/9/2017,10/8/2017,D. Hiking,Good,Kettles ,2017,61,221,0.019668309,8551.880859,1859.065366,19.44066243,192.3198731,10,5.302242288,809.9452697,8.149514978,2012-2016
Cell9Camera3,7/14/2017,9/25/2017,B. Minor,Good,Okanogan,2017,74,195,0.022135068,6523.641113,1190.012396,26.61773251,80.74253987,8,7.310461677,740.2447285,12.017028,2012-2016
Cell9Camera3K,8/9/2017,10/8/2017,D. Hiking,Good,Kettles ,2017,61,221,0.02177724,8870.407227,1820.948773,24.91666099,99.70675003,0,3.977040527,809.9452697,9.354130814,2012-2016
Cell9Camera4,7/14/2017,9/25/2017,B. Minor,Good,Okanogan,2017,74,195,0.019576222,7825.830078,1187.055829,22.46099915,80.48464158,10,5.891419183,740.2447285,10.77230423,2012-2016
Cell9Camera4K,8/9/2017,9/3/2017,D. Hiking,Good,Kettles ,2017,26,221,0.020808859,9357.6875,1791.707003,25.30237968,115.7662121,3,4.411867106,809.9452697,8.338612223,2012-2016
